This is pdfTeX, Version 3.141592653-2.6-1.40.29 (TeX Live 2026) (preloaded format=pdflatex 2026.8.19)  4 OCT 2026 03:43
entering extended mode
 restricted \write18 enabled.
 file:line:error style messages enabled.
 %&-line parsing enabled.
**c:/Users/win11/OneDrive/Myworks/Introduction2DataIntelligence/main
(c:/Users/win11/OneDrive/Myworks/Introduction2DataIntelligence/main.tex
LaTeX2e <2026-06-01>
L3 programming layer <2026-08-10>
(c:/texlive/2026/texmf-dist/tex/latex/ctex/ctexbook.cls (c:/texlive/2026/texmf-dist/tex/latex/ctex/config/ctexbackend.cfg
File: ctexbackend.cfg 2026/08/11 v2.6.5 Backend configuration file (CTEX)
) (c:/texlive/2026/texmf-dist/tex/latex/l3kernel/expl3.sty
Package: expl3 2026-08-10 L3 programming layer (loader) 
 (c:/texlive/2026/texmf-dist/tex/latex/l3kernel/l3backend-pdftex.def
File: l3backend-pdftex.def 2026-08-10 L3 backend support: PDF output (pdfTeX)
\l__color_backend_stack_int=\count276
))
Document Class: ctexbook 2026/08/11 v2.6.5 Chinese adapter for class book (CTEX)
(c:/texlive/2026/texmf-dist/tex/latex/ctex/ctexhook.sty
Package: ctexhook 2026/08/11 v2.6.5 Document and package hooks (CTEX)
) (c:/texlive/2026/texmf-dist/tex/latex/ctex/ctexpatch.sty
Package: ctexpatch 2026/08/11 v2.6.5 Patching commands (CTEX)
) (c:/texlive/2026/texmf-dist/tex/latex/base/fix-cm.sty
Package: fix-cm 2020/11/24 v1.1t fixes to LaTeX
 (c:/texlive/2026/texmf-dist/tex/latex/base/ts1enc.def
File: ts1enc.def 2001/06/05 v3.0e (jk/car/fm) Standard LaTeX file
LaTeX Font Info:    Redeclaring font encoding TS1 on input line 47.
LaTeX Encoding Info:    Redeclaring text command \capitalcedilla (encoding TS1) on input line 49.
LaTeX Encoding Info:    Redeclaring text command \capitalogonek (encoding TS1) on input line 52.
LaTeX Encoding Info:    Redeclaring text command \capitalgrave (encoding TS1) on input line 55.
LaTeX Encoding Info:    Redeclaring text command \capitalacute (encoding TS1) on input line 56.
LaTeX Encoding Info:    Redeclaring text command \capitalcircumflex (encoding TS1) on input line 57.
LaTeX Encoding Info:    Redeclaring text command \capitaltilde (encoding TS1) on input line 58.
LaTeX Encoding Info:    Redeclaring text command \capitaldieresis (encoding TS1) on input line 59.
LaTeX Encoding Info:    Redeclaring text command \capitalhungarumlaut (encoding TS1) on input line 60.
LaTeX Encoding Info:    Redeclaring text command \capitalring (encoding TS1) on input line 61.
LaTeX Encoding Info:    Redeclaring text command \capitalcaron (encoding TS1) on input line 62.
LaTeX Encoding Info:    Redeclaring text command \capitalbreve (encoding TS1) on input line 63.
LaTeX Encoding Info:    Redeclaring text command \capitalmacron (encoding TS1) on input line 64.
LaTeX Encoding Info:    Redeclaring text command \capitaldotaccent (encoding TS1) on input line 65.
LaTeX Encoding Info:    Redeclaring text command \t (encoding TS1) on input line 66.
LaTeX Encoding Info:    Redeclaring text command \capitaltie (encoding TS1) on input line 67.
LaTeX Encoding Info:    Redeclaring text command \newtie (encoding TS1) on input line 68.
LaTeX Encoding Info:    Redeclaring text command \capitalnewtie (encoding TS1) on input line 69.
LaTeX Encoding Info:    Redeclaring text symbol \textcapitalcompwordmark (encoding TS1) on input line 70.
LaTeX Encoding Info:    Redeclaring text symbol \textascendercompwordmark (encoding TS1) on input line 71.
LaTeX Encoding Info:    Redeclaring text symbol \textquotestraightbase (encoding TS1) on input line 72.
LaTeX Encoding Info:    Redeclaring text symbol \textquotestraightdblbase (encoding TS1) on input line 73.
LaTeX Encoding Info:    Redeclaring text symbol \texttwelveudash (encoding TS1) on input line 74.
LaTeX Encoding Info:    Redeclaring text symbol \textthreequartersemdash (encoding TS1) on input line 75.
LaTeX Encoding Info:    Redeclaring text symbol \textleftarrow (encoding TS1) on input line 76.
LaTeX Encoding Info:    Redeclaring text symbol \textrightarrow (encoding TS1) on input line 77.
LaTeX Encoding Info:    Redeclaring text symbol \textblank (encoding TS1) on input line 78.
LaTeX Encoding Info:    Redeclaring text symbol \textdollar (encoding TS1) on input line 79.
LaTeX Encoding Info:    Redeclaring text symbol \textquotesingle (encoding TS1) on input line 80.
LaTeX Encoding Info:    Redeclaring text command \textasteriskcentered (encoding TS1) on input line 81.
LaTeX Encoding Info:    Redeclaring text symbol \textdblhyphen (encoding TS1) on input line 92.
LaTeX Encoding Info:    Redeclaring text symbol \textfractionsolidus (encoding TS1) on input line 93.
LaTeX Encoding Info:    Redeclaring text symbol \textzerooldstyle (encoding TS1) on input line 94.
LaTeX Encoding Info:    Redeclaring text symbol \textoneoldstyle (encoding TS1) on input line 95.
LaTeX Encoding Info:    Redeclaring text symbol \texttwooldstyle (encoding TS1) on input line 96.
LaTeX Encoding Info:    Redeclaring text symbol \textthreeoldstyle (encoding TS1) on input line 97.
LaTeX Encoding Info:    Redeclaring text symbol \textfouroldstyle (encoding TS1) on input line 98.
LaTeX Encoding Info:    Redeclaring text symbol \textfiveoldstyle (encoding TS1) on input line 99.
LaTeX Encoding Info:    Redeclaring text symbol \textsixoldstyle (encoding TS1) on input line 100.
LaTeX Encoding Info:    Redeclaring text symbol \textsevenoldstyle (encoding TS1) on input line 101.
LaTeX Encoding Info:    Redeclaring text symbol \texteightoldstyle (encoding TS1) on input line 102.
LaTeX Encoding Info:    Redeclaring text symbol \textnineoldstyle (encoding TS1) on input line 103.
LaTeX Encoding Info:    Redeclaring text symbol \textlangle (encoding TS1) on input line 104.
LaTeX Encoding Info:    Redeclaring text symbol \textminus (encoding TS1) on input line 105.
LaTeX Encoding Info:    Redeclaring text symbol \textrangle (encoding TS1) on input line 106.
LaTeX Encoding Info:    Redeclaring text symbol \textmho (encoding TS1) on input line 107.
LaTeX Encoding Info:    Redeclaring text symbol \textbigcircle (encoding TS1) on input line 108.
LaTeX Encoding Info:    Redeclaring text command \textcircled (encoding TS1) on input line 109.
LaTeX Encoding Info:    Redeclaring text symbol \textohm (encoding TS1) on input line 115.
LaTeX Encoding Info:    Redeclaring text symbol \textlbrackdbl (encoding TS1) on input line 116.
LaTeX Encoding Info:    Redeclaring text symbol \textrbrackdbl (encoding TS1) on input line 117.
LaTeX Encoding Info:    Redeclaring text symbol \textuparrow (encoding TS1) on input line 118.
LaTeX Encoding Info:    Redeclaring text symbol \textdownarrow (encoding TS1) on input line 119.
LaTeX Encoding Info:    Redeclaring text symbol \textasciigrave (encoding TS1) on input line 120.
LaTeX Encoding Info:    Redeclaring text symbol \textborn (encoding TS1) on input line 121.
LaTeX Encoding Info:    Redeclaring text symbol \textdivorced (encoding TS1) on input line 122.
LaTeX Encoding Info:    Redeclaring text symbol \textdied (encoding TS1) on input line 123.
LaTeX Encoding Info:    Redeclaring text symbol \textleaf (encoding TS1) on input line 124.
LaTeX Encoding Info:    Redeclaring text symbol \textmarried (encoding TS1) on input line 125.
LaTeX Encoding Info:    Redeclaring text symbol \textmusicalnote (encoding TS1) on input line 126.
LaTeX Encoding Info:    Redeclaring text symbol \texttildelow (encoding TS1) on input line 127.
LaTeX Encoding Info:    Redeclaring text symbol \textdblhyphenchar (encoding TS1) on input line 128.
LaTeX Encoding Info:    Redeclaring text symbol \textasciibreve (encoding TS1) on input line 129.
LaTeX Encoding Info:    Redeclaring text symbol \textasciicaron (encoding TS1) on input line 130.
LaTeX Encoding Info:    Redeclaring text symbol \textacutedbl (encoding TS1) on input line 131.
LaTeX Encoding Info:    Redeclaring text symbol \textgravedbl (encoding TS1) on input line 132.
LaTeX Encoding Info:    Redeclaring text symbol \textdagger (encoding TS1) on input line 133.
LaTeX Encoding Info:    Redeclaring text symbol \textdaggerdbl (encoding TS1) on input line 134.
LaTeX Encoding Info:    Redeclaring text symbol \textbardbl (encoding TS1) on input line 135.
LaTeX Encoding Info:    Redeclaring text symbol \textperthousand (encoding TS1) on input line 136.
LaTeX Encoding Info:    Redeclaring text symbol \textbullet (encoding TS1) on input line 137.
LaTeX Encoding Info:    Redeclaring text symbol \textcelsius (encoding TS1) on input line 138.
LaTeX Encoding Info:    Redeclaring text symbol \textdollaroldstyle (encoding TS1) on input line 139.
LaTeX Encoding Info:    Redeclaring text symbol \textcentoldstyle (encoding TS1) on input line 140.
LaTeX Encoding Info:    Redeclaring text symbol \textflorin (encoding TS1) on input line 141.
LaTeX Encoding Info:    Redeclaring text symbol \textcolonmonetary (encoding TS1) on input line 142.
LaTeX Encoding Info:    Redeclaring text symbol \textwon (encoding TS1) on input line 143.
LaTeX Encoding Info:    Redeclaring text symbol \textnaira (encoding TS1) on input line 144.
LaTeX Encoding Info:    Redeclaring text symbol \textguarani (encoding TS1) on input line 145.
LaTeX Encoding Info:    Redeclaring text symbol \textpeso (encoding TS1) on input line 146.
LaTeX Encoding Info:    Redeclaring text symbol \textlira (encoding TS1) on input line 147.
LaTeX Encoding Info:    Redeclaring text symbol \textrecipe (encoding TS1) on input line 148.
LaTeX Encoding Info:    Redeclaring text symbol \textinterrobang (encoding TS1) on input line 149.
LaTeX Encoding Info:    Redeclaring text symbol \textinterrobangdown (encoding TS1) on input line 150.
LaTeX Encoding Info:    Redeclaring text symbol \textdong (encoding TS1) on input line 151.
LaTeX Encoding Info:    Redeclaring text symbol \texttrademark (encoding TS1) on input line 152.
LaTeX Encoding Info:    Redeclaring text symbol \textpertenthousand (encoding TS1) on input line 153.
LaTeX Encoding Info:    Redeclaring text symbol \textpilcrow (encoding TS1) on input line 154.
LaTeX Encoding Info:    Redeclaring text symbol \textbaht (encoding TS1) on input line 155.
LaTeX Encoding Info:    Redeclaring text symbol \textnumero (encoding TS1) on input line 156.
LaTeX Encoding Info:    Redeclaring text symbol \textdiscount (encoding TS1) on input line 157.
LaTeX Encoding Info:    Redeclaring text symbol \textestimated (encoding TS1) on input line 158.
LaTeX Encoding Info:    Redeclaring text symbol \textopenbullet (encoding TS1) on input line 159.
LaTeX Encoding Info:    Redeclaring text symbol \textservicemark (encoding TS1) on input line 160.
LaTeX Encoding Info:    Redeclaring text symbol \textlquill (encoding TS1) on input line 161.
LaTeX Encoding Info:    Redeclaring text symbol \textrquill (encoding TS1) on input line 162.
LaTeX Encoding Info:    Redeclaring text symbol \textcent (encoding TS1) on input line 163.
LaTeX Encoding Info:    Redeclaring text symbol \textsterling (encoding TS1) on input line 164.
LaTeX Encoding Info:    Redeclaring text symbol \textcurrency (encoding TS1) on input line 165.
LaTeX Encoding Info:    Redeclaring text symbol \textyen (encoding TS1) on input line 166.
LaTeX Encoding Info:    Redeclaring text symbol \textbrokenbar (encoding TS1) on input line 167.
LaTeX Encoding Info:    Redeclaring text symbol \textsection (encoding TS1) on input line 168.
LaTeX Encoding Info:    Redeclaring text symbol \textasciidieresis (encoding TS1) on input line 169.
LaTeX Encoding Info:    Redeclaring text symbol \textcopyright (encoding TS1) on input line 170.
LaTeX Encoding Info:    Redeclaring text symbol \textordfeminine (encoding TS1) on input line 171.
LaTeX Encoding Info:    Redeclaring text symbol \textcopyleft (encoding TS1) on input line 172.
LaTeX Encoding Info:    Redeclaring text symbol \textlnot (encoding TS1) on input line 173.
LaTeX Encoding Info:    Redeclaring text symbol \textcircledP (encoding TS1) on input line 174.
LaTeX Encoding Info:    Redeclaring text symbol \textregistered (encoding TS1) on input line 175.
LaTeX Encoding Info:    Redeclaring text symbol \textasciimacron (encoding TS1) on input line 176.
LaTeX Encoding Info:    Redeclaring text symbol \textdegree (encoding TS1) on input line 177.
LaTeX Encoding Info:    Redeclaring text symbol \textpm (encoding TS1) on input line 178.
LaTeX Encoding Info:    Redeclaring text symbol \texttwosuperior (encoding TS1) on input line 179.
LaTeX Encoding Info:    Redeclaring text symbol \textthreesuperior (encoding TS1) on input line 180.
LaTeX Encoding Info:    Redeclaring text symbol \textasciiacute (encoding TS1) on input line 181.
LaTeX Encoding Info:    Redeclaring text symbol \textmu (encoding TS1) on input line 182.
LaTeX Encoding Info:    Redeclaring text symbol \textparagraph (encoding TS1) on input line 183.
LaTeX Encoding Info:    Redeclaring text symbol \textperiodcentered (encoding TS1) on input line 184.
LaTeX Encoding Info:    Redeclaring text symbol \textreferencemark (encoding TS1) on input line 185.
LaTeX Encoding Info:    Redeclaring text symbol \textonesuperior (encoding TS1) on input line 186.
LaTeX Encoding Info:    Redeclaring text symbol \textordmasculine (encoding TS1) on input line 187.
LaTeX Encoding Info:    Redeclaring text symbol \textsurd (encoding TS1) on input line 188.
LaTeX Encoding Info:    Redeclaring text symbol \textonequarter (encoding TS1) on input line 189.
LaTeX Encoding Info:    Redeclaring text symbol \textonehalf (encoding TS1) on input line 190.
LaTeX Encoding Info:    Redeclaring text symbol \textthreequarters (encoding TS1) on input line 191.
LaTeX Encoding Info:    Redeclaring text symbol \texteuro (encoding TS1) on input line 192.
LaTeX Encoding Info:    Redeclaring text symbol \texttimes (encoding TS1) on input line 193.
LaTeX Encoding Info:    Redeclaring text symbol \textdiv (encoding TS1) on input line 194.
))
\l__ctex_tmp_int=\count277
\l__ctex_tmp_box=\box53
\l__ctex_tmp_dim=\dimen150
\g__ctex_section_depth_int=\count278
\g__ctex_font_size_int=\count279
 (c:/texlive/2026/texmf-dist/tex/latex/ctex/config/ctexopts.cfg
File: ctexopts.cfg 2026/08/11 v2.6.5 Option configuration file (CTEX)
) (c:/texlive/2026/texmf-dist/tex/latex/base/book.cls
Document Class: book 2025/01/22 v1.4n Standard LaTeX document class
(c:/texlive/2026/texmf-dist/tex/latex/base/bk12.clo
File: bk12.clo 2025/01/22 v1.4n Standard LaTeX file (size option)
)
\c@part=\count280
\c@chapter=\count281
\c@section=\count282
\c@subsection=\count283
\c@subsubsection=\count284
\c@paragraph=\count285
\c@subparagraph=\count286
\c@figure=\count287
\c@table=\count288
\abovecaptionskip=\skip49
\belowcaptionskip=\skip50
\bibindent=\dimen151
) (c:/texlive/2026/texmf-dist/tex/latex/ctex/engine/ctex-engine-pdftex.def
File: ctex-engine-pdftex.def 2026/08/11 v2.6.5 (pdf)LaTeX adapter (CTEX)
 (c:/texlive/2026/texmf-dist/tex/latex/cjk/texinput/CJKutf8.sty
Package: CJKutf8 2021/10/16 4.8.5
 (c:/texlive/2026/texmf-dist/tex/generic/iftex/ifpdf.sty
Package: ifpdf 2019/10/25 v3.4 ifpdf legacy package. Use iftex instead.
 (c:/texlive/2026/texmf-dist/tex/generic/iftex/iftex.sty
Package: iftex 2024/12/12 v1.0g TeX engine tests
)) (c:/texlive/2026/texmf-dist/tex/latex/base/inputenc.sty
Package: inputenc 2024/02/08 v1.3d Input encoding file
\inpenc@prehook=\toks17
\inpenc@posthook=\toks18
) (c:/texlive/2026/texmf-dist/tex/latex/cjk/texinput/CJK.sty
Package: CJK 2021/10/16 4.8.5
 (c:/texlive/2026/texmf-dist/tex/latex/cjk/texinput/mule/MULEenc.sty
Package: MULEenc 2021/10/16 4.8.5
) (c:/texlive/2026/texmf-dist/tex/latex/cjk/texinput/CJK.enc
File: CJK.enc 2021/10/16 4.8.5
Now handling font encoding C00 ...
... no UTF-8 mapping file for font encoding C00
Now handling font encoding C05 ...
... no UTF-8 mapping file for font encoding C05
Now handling font encoding C09 ...
... no UTF-8 mapping file for font encoding C09
Now handling font encoding C10 ...
... no UTF-8 mapping file for font encoding C10
Now handling font encoding C20 ...
... no UTF-8 mapping file for font encoding C20
Now handling font encoding C19 ...
... no UTF-8 mapping file for font encoding C19
Now handling font encoding C40 ...
... no UTF-8 mapping file for font encoding C40
Now handling font encoding C42 ...
... no UTF-8 mapping file for font encoding C42
Now handling font encoding C43 ...
... no UTF-8 mapping file for font encoding C43
Now handling font encoding C50 ...
... no UTF-8 mapping file for font encoding C50
Now handling font encoding C52 ...
... no UTF-8 mapping file for font encoding C52
Now handling font encoding C49 ...
... no UTF-8 mapping file for font encoding C49
Now handling font encoding C60 ...
... no UTF-8 mapping file for font encoding C60
Now handling font encoding C61 ...
... no UTF-8 mapping file for font encoding C61
Now handling font encoding C63 ...
... no UTF-8 mapping file for font encoding C63
Now handling font encoding C64 ...
... no UTF-8 mapping file for font encoding C64
Now handling font encoding C65 ...
... no UTF-8 mapping file for font encoding C65
Now handling font encoding C70 ...
... no UTF-8 mapping file for font encoding C70
Now handling font encoding C31 ...
... no UTF-8 mapping file for font encoding C31
Now handling font encoding C32 ...
... no UTF-8 mapping file for font encoding C32
Now handling font encoding C33 ...
... no UTF-8 mapping file for font encoding C33
Now handling font encoding C34 ...
... no UTF-8 mapping file for font encoding C34
Now handling font encoding C35 ...
... no UTF-8 mapping file for font encoding C35
Now handling font encoding C36 ...
... no UTF-8 mapping file for font encoding C36
Now handling font encoding C37 ...
... no UTF-8 mapping file for font encoding C37
Now handling font encoding C80 ...
... no UTF-8 mapping file for font encoding C80
Now handling font encoding C81 ...
... no UTF-8 mapping file for font encoding C81
Now handling font encoding C01 ...
... no UTF-8 mapping file for font encoding C01
Now handling font encoding C11 ...
... no UTF-8 mapping file for font encoding C11
Now handling font encoding C21 ...
... no UTF-8 mapping file for font encoding C21
Now handling font encoding C41 ...
... no UTF-8 mapping file for font encoding C41
Now handling font encoding C62 ...
... no UTF-8 mapping file for font encoding C62
)
\CJK@indent=\box54
) (c:/texlive/2026/texmf-dist/tex/latex/base/fontenc.sty
Package: fontenc 2025/07/18 v2.1d Standard LaTeX package
)) (c:/texlive/2026/texmf-dist/tex/latex/cjkpunct/CJKpunct.sty
Package: CJKpunct 2016/05/14 4.8.4
\CJKpunct@cnta=\count289
\CJKpunct@cntb=\count290
\CJKpunct@cntc=\count291
\CJKpunct@cntd=\count292
\CJKpunct@cnte=\count293
   defining Unicode char U+2018 (decimal 8216)
   defining Unicode char U+2019 (decimal 8217)
   defining Unicode char U+201C (decimal 8220)
   defining Unicode char U+201D (decimal 8221)
   defining Unicode char U+2014 (decimal 8212)
   defining Unicode char U+2026 (decimal 8230)
 (c:/texlive/2026/texmf-dist/tex/latex/cjkpunct/CJKpunct.spa)) (c:/texlive/2026/texmf-dist/tex/latex/cjk/texinput/CJKspace.sty
Package: CJKspace 2021/10/16 3.8.0
) (c:/texlive/2026/texmf-dist/tex/latex/cjk/texinput/UTF8/UTF8.bdg
File: UTF8.bdg 2021/10/16 4.8.5
) (c:/texlive/2026/texmf-dist/tex/latex/ctex/ctexspa.def
File: ctexspa.def 2026/08/11 v2.6.5 Space info for CJKpunct (CTEX)
)
\ccwd=\dimen152
\l__ctex_ccglue_skip=\skip51
)
\l__ctex_ziju_dim=\dimen153
 (c:/texlive/2026/texmf-dist/tex/latex/zhnumber/zhnumber.sty
Package: zhnumber 2022/07/14 v3.0 Typesetting numbers with Chinese glyphs
\l__zhnum_scale_int=\count294
\l__zhnum_tmp_int=\count295
 (c:/texlive/2026/texmf-dist/tex/latex/zhnumber/zhnumber-utf8.cfg
File: zhnumber-utf8.cfg 2022/07/14 v3.0 Chinese numerals with UTF8 encoding
))
\l__ctex_heading_skip=\skip52
 (c:/texlive/2026/texmf-dist/tex/latex/ctex/scheme/ctex-scheme-chinese-book.def
File: ctex-scheme-chinese-book.def 2026/08/11 v2.6.5 Chinese scheme for book (CTEX)
 (c:/texlive/2026/texmf-dist/tex/latex/ctex/config/ctex-name-utf8.cfg
File: ctex-name-utf8.cfg 2026/08/11 v2.6.5 Caption with encoding UTF-8 (CTEX)
)) (c:/texlive/2026/texmf-dist/tex/latex/ctex/ctex-cs4size.clo
File: ctex-cs4size.clo 2026/08/11 v2.6.5 cs4size option (CTEX)
) (c:/texlive/2026/texmf-dist/tex/latex/ctex/fontset/ctex-fontset-windows.def
File: ctex-fontset-windows.def 2026/08/11 v2.6.5 Windows fonts definition (CTEX)
)) (c:/texlive/2026/texmf-dist/tex/latex/ctex/config/ctex.cfg
File: ctex-scheme.cfg 2026/08/11 v2.6.5 Configuration file (CTEX)
) (./preamble.tex (c:/texlive/2026/texmf-dist/tex/latex/amsmath/amsmath.sty
Package: amsmath 2026/05/19 v2.18d AMS math features
\@mathmargin=\skip53

For additional information on amsmath, use the `?' option.
(c:/texlive/2026/texmf-dist/tex/latex/amsmath/amstext.sty
Package: amstext 2024/11/17 v2.01 AMS text
 (c:/texlive/2026/texmf-dist/tex/latex/amsmath/amsgen.sty
File: amsgen.sty 1999/11/30 v2.0 generic functions
\@emptytoks=\toks19
\ex@=\dimen154
)) (c:/texlive/2026/texmf-dist/tex/latex/amsmath/amsbsy.sty
Package: amsbsy 1999/11/29 v1.2d Bold Symbols
\pmbraise@=\dimen155
) (c:/texlive/2026/texmf-dist/tex/latex/amsmath/amsopn.sty
Package: amsopn 2022/04/08 v2.04 operator names
)
\inf@bad=\count296
LaTeX Info: Redefining \frac on input line 233.
\uproot@=\count297
\leftroot@=\count298
LaTeX Info: Redefining \overline on input line 398.
LaTeX Info: Redefining \colon on input line 409.
\classnum@=\count299
\DOTSCASE@=\count300
LaTeX Info: Redefining \ldots on input line 495.
LaTeX Info: Redefining \dots on input line 498.
LaTeX Info: Redefining \cdots on input line 619.
\Mathstrutbox@=\box55
\strutbox@=\box56
LaTeX Info: Redefining \big on input line 721.
LaTeX Info: Redefining \Big on input line 722.
LaTeX Info: Redefining \bigg on input line 723.
LaTeX Info: Redefining \Bigg on input line 724.
\big@size=\dimen156
LaTeX Font Info:    Redeclaring font encoding OML on input line 742.
LaTeX Font Info:    Redeclaring font encoding OMS on input line 743.
\macc@depth=\count301
LaTeX Info: Redefining \bmod on input line 904.
LaTeX Info: Redefining \pmod on input line 909.
LaTeX Info: Redefining \smash on input line 939.
LaTeX Info: Redefining \relbar on input line 969.
LaTeX Info: Redefining \Relbar on input line 970.
\c@MaxMatrixCols=\count302
\dotsspace@=\muskip17
\c@parentequation=\count303
\dspbrk@lvl=\count304
\tag@help=\toks20
\row@=\count305
\column@=\count306
\maxfields@=\count307
\andhelp@=\toks21
\eqnshift@=\dimen157
\alignsep@=\dimen158
\tagshift@=\dimen159
\tagwidth@=\dimen160
\totwidth@=\dimen161
\lineht@=\dimen162
\@envbody=\toks22
\multlinegap=\skip54
\multlinetaggap=\skip55
\mathdisplay@stack=\toks23
LaTeX Info: Redefining \[ on input line 2965.
LaTeX Info: Redefining \] on input line 2966.
) (c:/texlive/2026/texmf-dist/tex/latex/amsfonts/amssymb.sty
Package: amssymb 2013/01/14 v3.01 AMS font symbols
 (c:/texlive/2026/texmf-dist/tex/latex/amsfonts/amsfonts.sty
Package: amsfonts 2013/01/14 v3.01 Basic AMSFonts support
\symAMSa=\mathgroup4
\symAMSb=\mathgroup5
LaTeX Font Info:    Redeclaring math symbol \hbar on input line 98.
LaTeX Font Info:    Overwriting math alphabet `\mathfrak' in version `bold'
(Font)                  U/euf/m/n --> U/euf/b/n on input line 106.
)) (c:/texlive/2026/texmf-dist/tex/latex/amscls/amsthm.sty
Package: amsthm 2020/05/29 v2.20.6
\thm@style=\toks24
\thm@bodyfont=\toks25
\thm@headfont=\toks26
\thm@notefont=\toks27
\thm@headpunct=\toks28
\thm@preskip=\skip56
\thm@postskip=\skip57
\thm@headsep=\skip58
\dth@everypar=\toks29
) (c:/texlive/2026/texmf-dist/tex/latex/mathtools/mathtools.sty
Package: mathtools 2024/10/04 v1.31 mathematical typesetting tools
 (c:/texlive/2026/texmf-dist/tex/latex/graphics/keyval.sty
Package: keyval 2026-05-17 v1.15 key=value parser (DPC)
\KV@toks@=\toks30
) (c:/texlive/2026/texmf-dist/tex/latex/tools/calc.sty
Package: calc 2025/03/01 v4.3b Infix arithmetic (KKT,FJ)
\calc@Acount=\count308
\calc@Bcount=\count309
\calc@Adimen=\dimen163
\calc@Bdimen=\dimen164
\calc@Askip=\skip59
\calc@Bskip=\skip60
LaTeX Info: Redefining \setlength on input line 86.
LaTeX Info: Redefining \addtolength on input line 87.
\calc@Ccount=\count310
\calc@Cskip=\skip61
) (c:/texlive/2026/texmf-dist/tex/latex/mathtools/mhsetup.sty
Package: mhsetup 2021/03/18 v1.4 programming setup (MH)
)
\g_MT_multlinerow_int=\count311
\l_MT_multwidth_dim=\dimen165
\origjot=\skip62
\l_MT_shortvdotswithinadjustabove_dim=\dimen166
\l_MT_shortvdotswithinadjustbelow_dim=\dimen167
\l_MT_above_intertext_sep=\dimen168
\l_MT_below_intertext_sep=\dimen169
\l_MT_above_shortintertext_sep=\dimen170
\l_MT_below_shortintertext_sep=\dimen171
\xmathstrut@box=\box57
\xmathstrut@dim=\dimen172
) (c:/texlive/2026/texmf-dist/tex/latex/tools/bm.sty
Package: bm 2025/10/21 v1.2g Bold Symbol Support (DPC/FMi)
\symboldoperators=\mathgroup6
\symboldletters=\mathgroup7
\symboldsymbols=\mathgroup8
Package bm Info: No bold for \OMX/cmex/m/n, using \pmb.
Package bm Info: No bold for \U/msa/m/n, using \pmb.
Package bm Info: No bold for \U/msb/m/n, using \pmb.
LaTeX Font Info:    Redeclaring math alphabet \mathbf on input line 149.
) (c:/texlive/2026/texmf-dist/tex/latex/geometry/geometry.sty
Package: geometry 2026/03/07 v6.0 Page Geometry
 (c:/texlive/2026/texmf-dist/tex/generic/iftex/ifvtex.sty
Package: ifvtex 2019/10/25 v1.7 ifvtex legacy package. Use iftex instead.
)
\Gm@cnth=\count312
\Gm@cntv=\count313
\c@Gm@tempcnt=\count314
\Gm@bindingoffset=\dimen173
\Gm@wd@mp=\dimen174
\Gm@odd@mp=\dimen175
\Gm@even@mp=\dimen176
\Gm@layoutwidth=\dimen177
\Gm@layoutheight=\dimen178
\Gm@layouthoffset=\dimen179
\Gm@layoutvoffset=\dimen180
\Gm@dimlist=\toks31
) (c:/texlive/2026/texmf-dist/tex/latex/booktabs/booktabs.sty
Package: booktabs 2020/01/12 v1.61803398 Publication quality tables
\heavyrulewidth=\dimen181
\lightrulewidth=\dimen182
\cmidrulewidth=\dimen183
\belowrulesep=\dimen184
\belowbottomsep=\dimen185
\aboverulesep=\dimen186
\abovetopsep=\dimen187
\cmidrulesep=\dimen188
\cmidrulekern=\dimen189
\defaultaddspace=\dimen190
\@cmidla=\count315
\@cmidlb=\count316
\@aboverulesep=\dimen191
\@belowrulesep=\dimen192
\@thisruleclass=\count317
\@lastruleclass=\count318
\@thisrulewidth=\dimen193
) (c:/texlive/2026/texmf-dist/tex/latex/tools/array.sty
Package: array 2026/02/24 v2.7b Tabular extension package (FMi)
\col@sep=\dimen194
\ar@mcellbox=\box58
\extrarowheight=\dimen195
\NC@list=\toks32
\extratabsurround=\skip63
\backup@length=\skip64
\ar@cellbox=\box59
) (c:/texlive/2026/texmf-dist/tex/latex/graphics/graphicx.sty
Package: graphicx 2026-05-17 v1.2e Enhanced LaTeX Graphics (DPC,SPQR)
 (c:/texlive/2026/texmf-dist/tex/latex/graphics/graphics.sty
Package: graphics 2026-05-17 v1.4h Standard LaTeX Graphics (DPC,SPQR)
 (c:/texlive/2026/texmf-dist/tex/latex/graphics/trig.sty
Package: trig 2023/12/02 v1.11 sin cos tan (DPC)
) (c:/texlive/2026/texmf-dist/tex/latex/graphics-cfg/graphics.cfg
File: graphics.cfg 2016/06/04 v1.11 sample graphics configuration
)
Package graphics Info: Driver file: pdftex.def on input line 106.
 (c:/texlive/2026/texmf-dist/tex/latex/graphics-def/pdftex.def
File: pdftex.def 2025/09/29 v1.2d Graphics/color driver for pdftex
))
\Gin@req@height=\dimen196
\Gin@req@width=\dimen197
) (c:/texlive/2026/texmf-dist/tex/latex/xcolor/xcolor.sty
Package: xcolor 2024/09/29 v3.02 LaTeX color extensions (UK)
 (c:/texlive/2026/texmf-dist/tex/latex/graphics-cfg/color.cfg
File: color.cfg 2016/01/02 v1.6 sample color configuration
)
Package xcolor Info: Driver file: pdftex.def on input line 274.
 (c:/texlive/2026/texmf-dist/tex/latex/graphics/mathcolor.ltx)
Package xcolor Info: Model `cmy' substituted by `cmy0' on input line 1349.
Package xcolor Info: Model `hsb' substituted by `rgb' on input line 1353.
Package xcolor Info: Model `RGB' extended on input line 1365.
Package xcolor Info: Model `HTML' substituted by `rgb' on input line 1367.
Package xcolor Info: Model `Hsb' substituted by `hsb' on input line 1368.
Package xcolor Info: Model `tHsb' substituted by `hsb' on input line 1369.
Package xcolor Info: Model `HSB' substituted by `hsb' on input line 1370.
Package xcolor Info: Model `Gray' substituted by `gray' on input line 1371.
Package xcolor Info: Model `wave' substituted by `hsb' on input line 1372.
) (c:/texlive/2026/texmf-dist/tex/latex/enumitem/enumitem.sty
Package: enumitem 2025/02/06 v3.11 Customized lists
\labelindent=\skip65
\enit@outerparindent=\dimen198
\enit@toks=\toks33
\enit@inbox=\box60
\enit@count@id=\count319
\enitdp@description=\count320
) (c:/texlive/2026/texmf-dist/tex/latex/hyperref/hyperref.sty
Package: hyperref 2026-06-17 v7.01r Hypertext links for LaTeX
 (c:/texlive/2026/texmf-dist/tex/latex/kvsetkeys/kvsetkeys.sty
Package: kvsetkeys 2022-10-05 v1.19 Key value parser (HO)
) (c:/texlive/2026/texmf-dist/tex/generic/kvdefinekeys/kvdefinekeys.sty
Package: kvdefinekeys 2019-12-19 v1.6 Define keys (HO)
) (c:/texlive/2026/texmf-dist/tex/generic/pdfescape/pdfescape.sty
Package: pdfescape 2019/12/09 v1.15 Implements pdfTeX's escape features (HO)
 (c:/texlive/2026/texmf-dist/tex/generic/ltxcmds/ltxcmds.sty
Package: ltxcmds 2023-12-04 v1.26 LaTeX kernel commands for general use (HO)
) (c:/texlive/2026/texmf-dist/tex/generic/pdftexcmds/pdftexcmds.sty
Package: pdftexcmds 2020-06-27 v0.33 Utility functions of pdfTeX for LuaTeX (HO)
 (c:/texlive/2026/texmf-dist/tex/generic/infwarerr/infwarerr.sty
Package: infwarerr 2019/12/03 v1.5 Providing info/warning/error messages (HO)
)
Package pdftexcmds Info: \pdf@primitive is available.
Package pdftexcmds Info: \pdf@ifprimitive is available.
Package pdftexcmds Info: \pdfdraftmode found.
)) (c:/texlive/2026/texmf-dist/tex/latex/hycolor/hycolor.sty
Package: hycolor 2020-01-27 v1.10 Color options for hyperref/bookmark (HO)
) (c:/texlive/2026/texmf-dist/tex/latex/hyperref/nameref.sty
Package: nameref 2026-01-29 v2.58 Cross-referencing by name of section
 (c:/texlive/2026/texmf-dist/tex/latex/refcount/refcount.sty
Package: refcount 2019/12/15 v3.6 Data extraction from label references (HO)
) (c:/texlive/2026/texmf-dist/tex/generic/gettitlestring/gettitlestring.sty
Package: gettitlestring 2019/12/15 v1.6 Cleanup title references (HO)
 (c:/texlive/2026/texmf-dist/tex/latex/kvoptions/kvoptions.sty
Package: kvoptions 2022-06-15 v3.15 Key value format for package options (HO)
))
\c@section@level=\count321
) (c:/texlive/2026/texmf-dist/tex/latex/etoolbox/etoolbox.sty
Package: etoolbox 2025/10/02 v2.5m e-TeX tools for LaTeX (JAW)
\etb@tempcnta=\count322
) (c:/texlive/2026/texmf-dist/tex/generic/stringenc/stringenc.sty
Package: stringenc 2019/11/29 v1.12 Convert strings between diff. encodings (HO)
)
\@linkdim=\dimen199
\Hy@linkcounter=\count323
\Hy@pagecounter=\count324
 (c:/texlive/2026/texmf-dist/tex/latex/hyperref/pd1enc.def
File: pd1enc.def 2026-06-17 v7.01r Hyperref: PDFDocEncoding definition (HO)
Now handling font encoding PD1 ...
... no UTF-8 mapping file for font encoding PD1
) (c:/texlive/2026/texmf-dist/tex/generic/intcalc/intcalc.sty
Package: intcalc 2019/12/15 v1.3 Expandable calculations with integers (HO)
)
\Hy@SavedSpaceFactor=\count325
 (c:/texlive/2026/texmf-dist/tex/latex/hyperref/puenc.def
File: puenc.def 2026-06-17 v7.01r Hyperref: PDF Unicode definition (HO)
Now handling font encoding PU ...
... no UTF-8 mapping file for font encoding PU
)
Package hyperref Info: Option `unicode' set `true' on input line 4070.
Package hyperref Info: Hyper figures OFF on input line 4199.
Package hyperref Info: Link nesting OFF on input line 4204.
Package hyperref Info: Hyper index ON on input line 4207.
Package hyperref Info: Plain pages OFF on input line 4214.
Package hyperref Info: Backreferencing OFF on input line 4219.
Package hyperref Info: Implicit mode ON; LaTeX internals redefined.
Package hyperref Info: Bookmarks ON on input line 4466.
\c@Hy@tempcnt=\count326
 (c:/texlive/2026/texmf-dist/tex/latex/url/url.sty
\Urlmuskip=\muskip18
Package: url 2013/09/16  ver 3.4  Verb mode for urls, etc.
)
LaTeX Info: Redefining \url on input line 4805.
\XeTeXLinkMargin=\dimen256
 (c:/texlive/2026/texmf-dist/tex/generic/bitset/bitset.sty
Package: bitset 2019/12/09 v1.3 Handle bit-vector datatype (HO)
 (c:/texlive/2026/texmf-dist/tex/generic/bigintcalc/bigintcalc.sty
Package: bigintcalc 2019/12/15 v1.5 Expandable calculations on big integers (HO)
))
\Fld@menulength=\count327
\Field@Width=\dimen257
\Fld@charsize=\dimen258
Package hyperref Info: Hyper figures OFF on input line 6091.
Package hyperref Info: Link nesting OFF on input line 6096.
Package hyperref Info: Hyper index ON on input line 6099.
Package hyperref Info: backreferencing OFF on input line 6106.
Package hyperref Info: Link coloring OFF on input line 6111.
Package hyperref Info: Link coloring with OCG OFF on input line 6116.
Package hyperref Info: PDF/A mode OFF on input line 6121.
\Hy@abspage=\count328
\c@Item=\count329
\c@Hfootnote=\count330
)
Package hyperref Info: Driver (autodetected): hpdftex.
 (c:/texlive/2026/texmf-dist/tex/latex/hyperref/hpdftex.def
File: hpdftex.def 2026-06-17 v7.01r Hyperref driver for pdfTeX
\Fld@listcount=\count331
\c@bookmark@seq@number=\count332
 (c:/texlive/2026/texmf-dist/tex/latex/rerunfilecheck/rerunfilecheck.sty
Package: rerunfilecheck 2025-06-21 v1.11 Rerun checks for auxiliary files (HO)
 (c:/texlive/2026/texmf-dist/tex/generic/uniquecounter/uniquecounter.sty
Package: uniquecounter 2019/12/15 v1.4 Provide unlimited unique counter (HO)
)
Package uniquecounter Info: New unique counter `rerunfilecheck' on input line 284.
)
\Hy@SectionHShift=\skip66
) (c:/texlive/2026/texmf-dist/tex/latex/caption/caption.sty
Package: caption 2023/08/05 v3.6o Customizing captions (AR)
 (c:/texlive/2026/texmf-dist/tex/latex/caption/caption3.sty
Package: caption3 2023/07/31 v2.4d caption3 kernel (AR)
\caption@tempdima=\dimen259
\captionmargin=\dimen260
\caption@leftmargin=\dimen261
\caption@rightmargin=\dimen262
\caption@width=\dimen263
\caption@indent=\dimen264
\caption@parindent=\dimen265
\caption@hangindent=\dimen266
Package caption Info: Standard document class detected.
)
\c@caption@flags=\count333
\c@continuedfloat=\count334
Package caption Info: hyperref package is loaded.
) (c:/texlive/2026/texmf-dist/tex/latex/pgf/frontendlayer/tikz.sty (c:/texlive/2026/texmf-dist/tex/latex/pgf/basiclayer/pgf.sty (c:/texlive/2026/texmf-dist/tex/latex/pgf/utilities/pgfrcs.sty (c:/texlive/2026/texmf-dist/tex/generic/pgf/utilities/pgfutil-common.tex
\pgfutil@everybye=\toks34
\pgfutil@tempdima=\dimen267
\pgfutil@tempdimb=\dimen268
) (c:/texlive/2026/texmf-dist/tex/generic/pgf/utilities/pgfutil-latex.def
\pgfutil@abb=\box61
) (c:/texlive/2026/texmf-dist/tex/generic/pgf/utilities/pgfrcs.code.tex (c:/texlive/2026/texmf-dist/tex/generic/pgf/pgf.revision.tex)
Package: pgfrcs 2026-08-01 v3.1.12 (3.1.12)
))
Package: pgf 2026-08-01 v3.1.12 (3.1.12)
 (c:/texlive/2026/texmf-dist/tex/latex/pgf/basiclayer/pgfcore.sty (c:/texlive/2026/texmf-dist/tex/latex/pgf/systemlayer/pgfsys.sty (c:/texlive/2026/texmf-dist/tex/generic/pgf/systemlayer/pgfsys.code.tex
Package: pgfsys 2026-08-01 v3.1.12 (3.1.12)
 (c:/texlive/2026/texmf-dist/tex/generic/pgf/utilities/pgfkeys.code.tex
\pgfkeys@pathtoks=\toks35
\pgfkeys@temptoks=\toks36
 (c:/texlive/2026/texmf-dist/tex/generic/pgf/utilities/pgfkeyslibraryfiltered.code.tex
\pgfkeys@tmptoks=\toks37
))
\pgf@x=\dimen269
\pgf@y=\dimen270
\pgf@xa=\dimen271
\pgf@ya=\dimen272
\pgf@xb=\dimen273
\pgf@yb=\dimen274
\pgf@xc=\dimen275
\pgf@yc=\dimen276
\pgf@xd=\dimen277
\pgf@yd=\dimen278
\w@pgf@writea=\write3
\r@pgf@reada=\read2
\c@pgf@counta=\count335
\c@pgf@countb=\count336
\c@pgf@countc=\count337
\c@pgf@countd=\count338
\t@pgf@toka=\toks38
\t@pgf@tokb=\toks39
\t@pgf@tokc=\toks40
\pgf@sys@id@count=\count339
 (c:/texlive/2026/texmf-dist/tex/generic/pgf/systemlayer/pgf.cfg
File: pgf.cfg 2026-08-01 v3.1.12 (3.1.12)
)
Driver file for pgf: pgfsys-pdftex.def
 (c:/texlive/2026/texmf-dist/tex/generic/pgf/systemlayer/pgfsys-pdftex.def
File: pgfsys-pdftex.def 2026-08-01 v3.1.12 (3.1.12)
 (c:/texlive/2026/texmf-dist/tex/generic/pgf/systemlayer/pgfsys-common-pdf.def
File: pgfsys-common-pdf.def 2026-08-01 v3.1.12 (3.1.12)
))) (c:/texlive/2026/texmf-dist/tex/generic/pgf/systemlayer/pgfsyssoftpath.code.tex
File: pgfsyssoftpath.code.tex 2026-08-01 v3.1.12 (3.1.12)
\pgfsyssoftpath@smallbuffer@items=\count340
\pgfsyssoftpath@bigbuffer@items=\count341
) (c:/texlive/2026/texmf-dist/tex/generic/pgf/systemlayer/pgfsysprotocol.code.tex
File: pgfsysprotocol.code.tex 2026-08-01 v3.1.12 (3.1.12)
)) (c:/texlive/2026/texmf-dist/tex/generic/pgf/basiclayer/pgfcore.code.tex
Package: pgfcore 2026-08-01 v3.1.12 (3.1.12)
 (c:/texlive/2026/texmf-dist/tex/generic/pgf/math/pgfmath.code.tex (c:/texlive/2026/texmf-dist/tex/generic/pgf/math/pgfmathutil.code.tex) (c:/texlive/2026/texmf-dist/tex/generic/pgf/math/pgfmathparser.code.tex
\pgfmath@dimen=\dimen279
\pgfmath@count=\count342
\pgfmath@box=\box62
\pgfmath@toks=\toks41
\pgfmath@stack@operand=\toks42
\pgfmath@stack@operation=\toks43
) (c:/texlive/2026/texmf-dist/tex/generic/pgf/math/pgfmathfunctions.code.tex) (c:/texlive/2026/texmf-dist/tex/generic/pgf/math/pgfmathfunctions.basic.code.tex) (c:/texlive/2026/texmf-dist/tex/generic/pgf/math/pgfmathfunctions.trigonometric.code.tex) (c:/texlive/2026/texmf-dist/tex/generic/pgf/math/pgfmathfunctions.random.code.tex) (c:/texlive/2026/texmf-dist/tex/generic/pgf/math/pgfmathfunctions.comparison.code.tex) (c:/texlive/2026/texmf-dist/tex/generic/pgf/math/pgfmathfunctions.base.code.tex) (c:/texlive/2026/texmf-dist/tex/generic/pgf/math/pgfmathfunctions.round.code.tex) (c:/texlive/2026/texmf-dist/tex/generic/pgf/math/pgfmathfunctions.misc.code.tex) (c:/texlive/2026/texmf-dist/tex/generic/pgf/math/pgfmathfunctions.integerarithmetics.code.tex) (c:/texlive/2026/texmf-dist/tex/generic/pgf/math/pgfmathcalc.code.tex) (c:/texlive/2026/texmf-dist/tex/generic/pgf/math/pgfmathfloat.code.tex
\c@pgfmathroundto@lastzeros=\count343
)) (c:/texlive/2026/texmf-dist/tex/generic/pgf/math/pgfint.code.tex) (c:/texlive/2026/texmf-dist/tex/generic/pgf/basiclayer/pgfcorepoints.code.tex
File: pgfcorepoints.code.tex 2026-08-01 v3.1.12 (3.1.12)
\pgf@picminx=\dimen280
\pgf@picmaxx=\dimen281
\pgf@picminy=\dimen282
\pgf@picmaxy=\dimen283
\pgf@pathminx=\dimen284
\pgf@pathmaxx=\dimen285
\pgf@pathminy=\dimen286
\pgf@pathmaxy=\dimen287
\pgf@xx=\dimen288
\pgf@xy=\dimen289
\pgf@yx=\dimen290
\pgf@yy=\dimen291
\pgf@zx=\dimen292
\pgf@zy=\dimen293
) (c:/texlive/2026/texmf-dist/tex/generic/pgf/basiclayer/pgfcorepathconstruct.code.tex
File: pgfcorepathconstruct.code.tex 2026-08-01 v3.1.12 (3.1.12)
\pgf@path@lastx=\dimen294
\pgf@path@lasty=\dimen295
) (c:/texlive/2026/texmf-dist/tex/generic/pgf/basiclayer/pgfcorepathusage.code.tex
File: pgfcorepathusage.code.tex 2026-08-01 v3.1.12 (3.1.12)
\pgf@shorten@end@additional=\dimen296
\pgf@shorten@start@additional=\dimen297
) (c:/texlive/2026/texmf-dist/tex/generic/pgf/basiclayer/pgfcorescopes.code.tex
File: pgfcorescopes.code.tex 2026-08-01 v3.1.12 (3.1.12)
\pgfpic=\box63
\pgf@hbox=\box64
\pgf@layerbox@main=\box65
\pgf@picture@serial@count=\count344
) (c:/texlive/2026/texmf-dist/tex/generic/pgf/basiclayer/pgfcoregraphicstate.code.tex
File: pgfcoregraphicstate.code.tex 2026-08-01 v3.1.12 (3.1.12)
\pgflinewidth=\dimen298
) (c:/texlive/2026/texmf-dist/tex/generic/pgf/basiclayer/pgfcoretransformations.code.tex
File: pgfcoretransformations.code.tex 2026-08-01 v3.1.12 (3.1.12)
\pgf@pt@x=\dimen299
\pgf@pt@y=\dimen300
\pgf@pt@temp=\dimen301
) (c:/texlive/2026/texmf-dist/tex/generic/pgf/basiclayer/pgfcorequick.code.tex
File: pgfcorequick.code.tex 2026-08-01 v3.1.12 (3.1.12)
) (c:/texlive/2026/texmf-dist/tex/generic/pgf/basiclayer/pgfcoreobjects.code.tex
File: pgfcoreobjects.code.tex 2026-08-01 v3.1.12 (3.1.12)
) (c:/texlive/2026/texmf-dist/tex/generic/pgf/basiclayer/pgfcorepathprocessing.code.tex
File: pgfcorepathprocessing.code.tex 2026-08-01 v3.1.12 (3.1.12)
) (c:/texlive/2026/texmf-dist/tex/generic/pgf/basiclayer/pgfcorearrows.code.tex
File: pgfcorearrows.code.tex 2026-08-01 v3.1.12 (3.1.12)
\pgfarrowsep=\dimen302
) (c:/texlive/2026/texmf-dist/tex/generic/pgf/basiclayer/pgfcoreshade.code.tex
File: pgfcoreshade.code.tex 2026-08-01 v3.1.12 (3.1.12)
\pgf@max=\dimen303
\pgf@sys@shading@range@num=\count345
\pgf@shadingcount=\count346
) (c:/texlive/2026/texmf-dist/tex/generic/pgf/basiclayer/pgfcoreimage.code.tex
File: pgfcoreimage.code.tex 2026-08-01 v3.1.12 (3.1.12)
) (c:/texlive/2026/texmf-dist/tex/generic/pgf/basiclayer/pgfcoreexternal.code.tex
File: pgfcoreexternal.code.tex 2026-08-01 v3.1.12 (3.1.12)
\pgfexternal@startupbox=\box66
) (c:/texlive/2026/texmf-dist/tex/generic/pgf/basiclayer/pgfcorelayers.code.tex
File: pgfcorelayers.code.tex 2026-08-01 v3.1.12 (3.1.12)
) (c:/texlive/2026/texmf-dist/tex/generic/pgf/basiclayer/pgfcoretransparency.code.tex
File: pgfcoretransparency.code.tex 2026-08-01 v3.1.12 (3.1.12)
) (c:/texlive/2026/texmf-dist/tex/generic/pgf/basiclayer/pgfcorepatterns.code.tex
File: pgfcorepatterns.code.tex 2026-08-01 v3.1.12 (3.1.12)
) (c:/texlive/2026/texmf-dist/tex/generic/pgf/basiclayer/pgfcorerdf.code.tex
File: pgfcorerdf.code.tex 2026-08-01 v3.1.12 (3.1.12)
))) (c:/texlive/2026/texmf-dist/tex/generic/pgf/modules/pgfmoduleshapes.code.tex
File: pgfmoduleshapes.code.tex 2026-08-01 v3.1.12 (3.1.12)
\pgfnodeparttextbox=\box67
) (c:/texlive/2026/texmf-dist/tex/generic/pgf/modules/pgfmoduleplot.code.tex
File: pgfmoduleplot.code.tex 2026-08-01 v3.1.12 (3.1.12)
) (c:/texlive/2026/texmf-dist/tex/latex/pgf/compatibility/pgfcomp-version-0-65.sty
Package: pgfcomp-version-0-65 2026-08-01 v3.1.12 (3.1.12)
\pgf@nodesepstart=\dimen304
\pgf@nodesepend=\dimen305
) (c:/texlive/2026/texmf-dist/tex/latex/pgf/compatibility/pgfcomp-version-1-18.sty
Package: pgfcomp-version-1-18 2026-08-01 v3.1.12 (3.1.12)
)) (c:/texlive/2026/texmf-dist/tex/latex/pgf/utilities/pgffor.sty (c:/texlive/2026/texmf-dist/tex/latex/pgf/utilities/pgfkeys.sty (c:/texlive/2026/texmf-dist/tex/generic/pgf/utilities/pgfkeys.code.tex)) (c:/texlive/2026/texmf-dist/tex/latex/pgf/math/pgfmath.sty (c:/texlive/2026/texmf-dist/tex/generic/pgf/math/pgfmath.code.tex)) (c:/texlive/2026/texmf-dist/tex/generic/pgf/utilities/pgffor.code.tex
Package: pgffor 2026-08-01 v3.1.12 (3.1.12)
\pgffor@iter=\dimen306
\pgffor@skip=\dimen307
\pgffor@stack=\toks44
\pgffor@toks=\toks45
)) (c:/texlive/2026/texmf-dist/tex/generic/pgf/frontendlayer/tikz/tikz.code.tex
Package: tikz 2026-08-01 v3.1.12 (3.1.12)
 (c:/texlive/2026/texmf-dist/tex/generic/pgf/libraries/pgflibraryplothandlers.code.tex
File: pgflibraryplothandlers.code.tex 2026-08-01 v3.1.12 (3.1.12)
\pgf@plot@mark@count=\count347
\pgfplotmarksize=\dimen308
)
\tikz@lastx=\dimen309
\tikz@lasty=\dimen310
\tikz@lastxsaved=\dimen311
\tikz@lastysaved=\dimen312
\tikz@lastmovetox=\dimen313
\tikz@lastmovetoy=\dimen314
\tikzleveldistance=\dimen315
\tikzsiblingdistance=\dimen316
\tikz@figbox=\box68
\tikz@figbox@bg=\box69
\tikz@tempbox=\box70
\tikz@tempbox@bg=\box71
\tikztreelevel=\count348
\tikznumberofchildren=\count349
\tikznumberofcurrentchild=\count350
\tikz@fig@count=\count351
 (c:/texlive/2026/texmf-dist/tex/generic/pgf/modules/pgfmodulematrix.code.tex
File: pgfmodulematrix.code.tex 2026-08-01 v3.1.12 (3.1.12)
\pgfmatrixcurrentrow=\count352
\pgfmatrixcurrentcolumn=\count353
\pgf@matrix@numberofcolumns=\count354
)
\tikz@expandcount=\count355
 (c:/texlive/2026/texmf-dist/tex/generic/pgf/frontendlayer/tikz/libraries/tikzlibrarytopaths.code.tex
File: tikzlibrarytopaths.code.tex 2026-08-01 v3.1.12 (3.1.12)
))) (c:/texlive/2026/texmf-dist/tex/generic/pgf/libraries/pgflibraryarrows.meta.code.tex
File: pgflibraryarrows.meta.code.tex 2026-08-01 v3.1.12 (3.1.12)
\pgfarrowinset=\dimen317
\pgfarrowlength=\dimen318
\pgfarrowwidth=\dimen319
\pgfarrowlinewidth=\dimen320
) (c:/texlive/2026/texmf-dist/tex/generic/pgf/frontendlayer/tikz/libraries/tikzlibrarypositioning.code.tex
File: tikzlibrarypositioning.code.tex 2026-08-01 v3.1.12 (3.1.12)
) (c:/texlive/2026/texmf-dist/tex/generic/pgf/frontendlayer/tikz/libraries/tikzlibraryfit.code.tex
File: tikzlibraryfit.code.tex 2026-08-01 v3.1.12 (3.1.12)
) (c:/texlive/2026/texmf-dist/tex/generic/pgf/frontendlayer/tikz/libraries/tikzlibrarycalc.code.tex
File: tikzlibrarycalc.code.tex 2026-08-01 v3.1.12 (3.1.12)
) (c:/texlive/2026/texmf-dist/tex/generic/pgf/frontendlayer/tikz/libraries/tikzlibraryshapes.geometric.code.tex
File: tikzlibraryshapes.geometric.code.tex 2026-08-01 v3.1.12 (3.1.12)
 (c:/texlive/2026/texmf-dist/tex/generic/pgf/libraries/shapes/pgflibraryshapes.geometric.code.tex
File: pgflibraryshapes.geometric.code.tex 2026-08-01 v3.1.12 (3.1.12)
)) (c:/texlive/2026/texmf-dist/tex/generic/pgf/frontendlayer/tikz/libraries/tikzlibrarydecorations.pathreplacing.code.tex (c:/texlive/2026/texmf-dist/tex/generic/pgf/frontendlayer/tikz/libraries/tikzlibrarydecorations.code.tex (c:/texlive/2026/texmf-dist/tex/generic/pgf/modules/pgfmoduledecorations.code.tex
\pgfdecoratedcompleteddistance=\dimen321
\pgfdecoratedremainingdistance=\dimen322
\pgfdecoratedinputsegmentcompleteddistance=\dimen323
\pgfdecoratedinputsegmentremainingdistance=\dimen324
\pgf@decorate@distancetomove=\dimen325
\pgf@decorate@repeatstate=\count356
\pgfdecorationsegmentamplitude=\dimen326
\pgfdecorationsegmentlength=\dimen327
)
\tikz@lib@dec@box=\box72
) (c:/texlive/2026/texmf-dist/tex/generic/pgf/libraries/decorations/pgflibrarydecorations.pathreplacing.code.tex)) (c:/texlive/2026/texmf-dist/tex/latex/algorithms/algorithm.sty
Package: algorithm 2009/08/24 v0.1 Document Style `algorithm' - floating environment
 (c:/texlive/2026/texmf-dist/tex/latex/float/float.sty
Package: float 2001/11/08 v1.3d Float enhancements (AL)
\c@float@type=\count357
\float@exts=\toks46
\float@box=\box73
\@float@everytoks=\toks47
\@floatcapt=\box74
) (c:/texlive/2026/texmf-dist/tex/latex/base/ifthen.sty
Package: ifthen 2024/03/16 v1.1e Standard LaTeX ifthen package (DPC)
)
\@float@every@algorithm=\toks48
\c@algorithm=\count358
) (c:/texlive/2026/texmf-dist/tex/latex/algorithmicx/algpseudocode.sty
Package: algpseudocode 
 (c:/texlive/2026/texmf-dist/tex/latex/algorithmicx/algorithmicx.sty
Package: algorithmicx 2005/04/27 v1.2 Algorithmicx

Document Style algorithmicx 1.2 - a greatly improved `algorithmic' style
\c@ALG@line=\count359
\c@ALG@rem=\count360
\c@ALG@nested=\count361
\ALG@tlm=\skip67
\ALG@thistlm=\skip68
\c@ALG@Lnr=\count362
\c@ALG@blocknr=\count363
\c@ALG@storecount=\count364
\c@ALG@tmpcounter=\count365
\ALG@tmplength=\skip69
)
Document Style - pseudocode environments for use with the `algorithmicx' style
) (c:/texlive/2026/texmf-dist/tex/latex/microtype/microtype.sty
Package: microtype 2026/03/01 v3.2d Micro-typographical refinements (RS)
\MT@toks=\toks49
\MT@tempbox=\box75
\MT@count=\count366
LaTeX Info: Redefining \noprotrusionifhmode on input line 1084.
LaTeX Info: Redefining \leftprotrusion on input line 1085.
\MT@prot@toks=\toks50
LaTeX Info: Redefining \rightprotrusion on input line 1104.
LaTeX Info: Redefining \textls on input line 1449.
\MT@outer@kern=\dimen328
LaTeX Info: Redefining \microtypecontext on input line 2053.
LaTeX Info: Redefining \textmicrotypecontext on input line 2070.
\MT@listname@count=\count367
 (c:/texlive/2026/texmf-dist/tex/latex/microtype/microtype-pdftex.def
File: microtype-pdftex.def 2026/03/01 v3.2d Definitions specific to pdftex (RS)
LaTeX Info: Redefining \lsstyle on input line 944.
LaTeX Info: Redefining \lslig on input line 944.
\MT@outer@space=\skip70
)
Package microtype Info: Loading configuration file microtype.cfg.
 (c:/texlive/2026/texmf-dist/tex/latex/microtype/microtype.cfg
File: microtype.cfg 2026/03/01 v3.2d microtype main configuration file (RS)
)
LaTeX Info: Redefining \microtypesetup on input line 3065.
) (c:/texlive/2026/texmf-dist/tex/latex/listings/listings.sty
\lst@mode=\count368
\lst@gtempboxa=\box76
\lst@token=\toks51
\lst@length=\count369
\lst@currlwidth=\dimen329
\lst@column=\count370
\lst@pos=\count371
\lst@lostspace=\dimen330
\lst@width=\dimen331
\lst@newlines=\count372
\lst@lineno=\count373
\lst@maxwidth=\dimen332
 (c:/texlive/2026/texmf-dist/tex/latex/listings/lstpatch.sty
File: lstpatch.sty 2025/11/14 1.11b (Carsten Heinz)
) (c:/texlive/2026/texmf-dist/tex/latex/listings/lstmisc.sty
File: lstmisc.sty 2025/11/14 1.11b (Carsten Heinz)
\c@lstnumber=\count374
\lst@skipnumbers=\count375
\lst@framebox=\box77
) (c:/texlive/2026/texmf-dist/tex/latex/listings/listings.cfg
File: listings.cfg 2025/11/14 1.11b listings configuration
))
Package: listings 2025/11/14 1.11b (Carsten Heinz)
Package hyperref Info: Option `colorlinks' set `true' on input line 23.
\c@definition=\count376
\c@proposition=\count377
\c@example=\count378
\c@remark=\count379
\c@theorem=\count380
\c@lemma=\count381
) (c:/texlive/2026/texmf-dist/tex/latex/cjk/texinput/UTF8/UTF8.enc
File: UTF8.enc 2021/10/16 4.8.5
) (c:/texlive/2026/texmf-dist/tex/latex/cjk/texinput/UTF8/UTF8.chr
File: UTF8.chr 2021/10/16 4.8.5
) (./main.aux (./chapters/00-mathematical-preliminaries.aux) (./chapters/01-foundations.aux) (./chapters/01b-linear-models.aux) (./chapters/02-learning-pipeline.aux) (./chapters/02b-optimization-training.aux) (./chapters/03-generalization.aux) (./chapters/03b-statistical-learning.aux) (./chapters/03c-data-engineering.aux) (./chapters/04-bayesian.aux) (./chapters/05-parametric-nonparametric.aux) (./chapters/06-sequence.aux) (./chapters/07-vision.aux) (./chapters/08-llm.aux) (./chapters/09-multimodal.aux) (./chapters/10-generative.aux) (./chapters/10b-pinn.aux) (./chapters/11a-pretraining.aux) (./chapters/11-transfer.aux) (./chapters/11b-continual.aux) (./chapters/11c-active.aux) (./chapters/12-federated.aux) (./chapters/13-manifold.aux) (./chapters/13b-meta.aux))
\openout1 = `main.aux'.

LaTeX Font Info:    Checking defaults for OML/cmm/m/it on input line 8.
LaTeX Font Info:    ... okay on input line 8.
LaTeX Font Info:    Checking defaults for OMS/cmsy/m/n on input line 8.
LaTeX Font Info:    ... okay on input line 8.
LaTeX Font Info:    Checking defaults for OT1/cmr/m/n on input line 8.
LaTeX Font Info:    ... okay on input line 8.
LaTeX Font Info:    Checking defaults for T1/cmr/m/n on input line 8.
LaTeX Font Info:    ... okay on input line 8.
LaTeX Font Info:    Checking defaults for TS1/cmr/m/n on input line 8.
LaTeX Font Info:    ... okay on input line 8.
LaTeX Font Info:    Checking defaults for OMX/cmex/m/n on input line 8.
LaTeX Font Info:    ... okay on input line 8.
LaTeX Font Info:    Checking defaults for U/cmr/m/n on input line 8.
LaTeX Font Info:    ... okay on input line 8.
LaTeX Font Info:    Checking defaults for C00/song/m/n on input line 8.
LaTeX Font Info:    ... okay on input line 8.
LaTeX Font Info:    Checking defaults for C05/song/m/n on input line 8.
LaTeX Font Info:    ... okay on input line 8.
LaTeX Font Info:    Checking defaults for C09/song/m/n on input line 8.
LaTeX Font Info:    ... okay on input line 8.
LaTeX Font Info:    Checking defaults for C10/song/m/n on input line 8.
LaTeX Font Info:    ... okay on input line 8.
LaTeX Font Info:    Checking defaults for C20/song/m/n on input line 8.
LaTeX Font Info:    ... okay on input line 8.
LaTeX Font Info:    Checking defaults for C19/song/m/n on input line 8.
LaTeX Font Info:    ... okay on input line 8.
LaTeX Font Info:    Checking defaults for C40/song/m/n on input line 8.
LaTeX Font Info:    ... okay on input line 8.
LaTeX Font Info:    Checking defaults for C42/song/m/n on input line 8.
LaTeX Font Info:    ... okay on input line 8.
LaTeX Font Info:    Checking defaults for C43/song/m/n on input line 8.
LaTeX Font Info:    ... okay on input line 8.
LaTeX Font Info:    Checking defaults for C50/song/m/n on input line 8.
LaTeX Font Info:    ... okay on input line 8.
LaTeX Font Info:    Checking defaults for C52/song/m/n on input line 8.
LaTeX Font Info:    ... okay on input line 8.
LaTeX Font Info:    Checking defaults for C49/song/m/n on input line 8.
LaTeX Font Info:    ... okay on input line 8.
LaTeX Font Info:    Checking defaults for C60/mj/m/n on input line 8.
LaTeX Font Info:    ... okay on input line 8.
LaTeX Font Info:    Checking defaults for C61/mj/m/n on input line 8.
LaTeX Font Info:    ... okay on input line 8.
LaTeX Font Info:    Checking defaults for C63/mj/m/n on input line 8.
LaTeX Font Info:    ... okay on input line 8.
LaTeX Font Info:    Checking defaults for C64/mj/m/n on input line 8.
LaTeX Font Info:    ... okay on input line 8.
LaTeX Font Info:    Checking defaults for C65/mj/m/n on input line 8.
LaTeX Font Info:    ... okay on input line 8.
LaTeX Font Info:    Checking defaults for C70/song/m/n on input line 8.
LaTeX Font Info:    ... okay on input line 8.
LaTeX Font Info:    Checking defaults for C31/song/m/n on input line 8.
LaTeX Font Info:    ... okay on input line 8.
LaTeX Font Info:    Checking defaults for C32/song/m/n on input line 8.
LaTeX Font Info:    ... okay on input line 8.
LaTeX Font Info:    Checking defaults for C33/song/m/n on input line 8.
LaTeX Font Info:    ... okay on input line 8.
LaTeX Font Info:    Checking defaults for C34/song/m/n on input line 8.
LaTeX Font Info:    ... okay on input line 8.
LaTeX Font Info:    Checking defaults for C35/song/m/n on input line 8.
LaTeX Font Info:    ... okay on input line 8.
LaTeX Font Info:    Checking defaults for C36/song/m/n on input line 8.
LaTeX Font Info:    ... okay on input line 8.
LaTeX Font Info:    Checking defaults for C37/song/m/n on input line 8.
LaTeX Font Info:    ... okay on input line 8.
LaTeX Font Info:    Checking defaults for C80/song/m/n on input line 8.
LaTeX Font Info:    ... okay on input line 8.
LaTeX Font Info:    Checking defaults for C81/song/m/n on input line 8.
LaTeX Font Info:    ... okay on input line 8.
LaTeX Font Info:    Checking defaults for C01/song/m/n on input line 8.
LaTeX Font Info:    ... okay on input line 8.
LaTeX Font Info:    Checking defaults for C11/song/m/n on input line 8.
LaTeX Font Info:    ... okay on input line 8.
LaTeX Font Info:    Checking defaults for C21/song/m/n on input line 8.
LaTeX Font Info:    ... okay on input line 8.
LaTeX Font Info:    Checking defaults for C41/song/m/n on input line 8.
LaTeX Font Info:    ... okay on input line 8.
LaTeX Font Info:    Checking defaults for C62/song/m/n on input line 8.
LaTeX Font Info:    ... okay on input line 8.
LaTeX Font Info:    Checking defaults for PD1/pdf/m/n on input line 8.
LaTeX Font Info:    ... okay on input line 8.
LaTeX Font Info:    Checking defaults for PU/pdf/m/n on input line 8.
LaTeX Font Info:    ... okay on input line 8.

*geometry* driver: auto-detecting
*geometry* detected driver: pdftex
*geometry* verbose mode - [ preamble ] result:
* driver: pdftex
* paper: a4paper
* layout: <same size as paper>
* layoutoffset:(h,v)=(0.0pt,0.0pt)
* modes: twoside 
* h-part:(L,W,R)=(75.39963pt, 446.70862pt, 75.39963pt)
* v-part:(T,H,B)=(71.13188pt, 702.78308pt, 71.13188pt)
* \paperwidth=597.50787pt
* \paperheight=845.04684pt
* \textwidth=446.70862pt
* \textheight=702.78308pt
* \oddsidemargin=3.12964pt
* \evensidemargin=3.12964pt
* \topmargin=-36.0119pt
* \headheight=15.0pt
* \headsep=19.8738pt
* \topskip=12.0pt
* \footskip=30.0pt
* \marginparwidth=88.0pt
* \marginparsep=7.0pt
* \columnsep=10.0pt
* \skip\footins=10.8pt plus 4.0pt minus 2.0pt
* \hoffset=0.0pt
* \voffset=0.0pt
* \mag=1000
* \@twocolumnfalse
* \@twosidetrue
* \@mparswitchtrue
* \@reversemarginfalse
* (1in=72.27pt=25.4mm, 1cm=28.453pt)

(c:/texlive/2026/texmf-dist/tex/context/base/mkii/supp-pdf.mkii
[Loading MPS to PDF converter (version 2006.09.02).]
\scratchcounter=\count382
\scratchdimen=\dimen333
\scratchbox=\box78
\nofMPsegments=\count383
\nofMParguments=\count384
\everyMPshowfont=\toks52
\MPscratchCnt=\count385
\MPscratchDim=\dimen334
\MPnumerator=\count386
\makeMPintoPDFobject=\count387
\everyMPtoPDFconversion=\toks53
) (c:/texlive/2026/texmf-dist/tex/latex/epstopdf-pkg/epstopdf-base.sty
Package: epstopdf-base 2020-01-24 v2.11 Base part for package epstopdf
Package epstopdf-base Info: Redefining graphics rule for `.eps' on input line 485.
 (c:/texlive/2026/texmf-dist/tex/latex/latexconfig/epstopdf-sys.cfg
File: epstopdf-sys.cfg 2010/07/13 v1.3 Configuration of (r)epstopdf for TeX Live
))
Package hyperref Info: Link coloring ON on input line 8.
 (./main.out) (./main.out)
\@outlinefile=\write4
\openout4 = `main.out'.

Package caption Info: Begin \AtBeginDocument code.
Package caption Info: float package is loaded.
Package caption Info: listings package is loaded.
Package caption Info: End \AtBeginDocument code.
LaTeX Info: Redefining \microtypecontext on input line 8.
Package microtype Info: Applying patch `item' on input line 8.
Package microtype Info: Applying patch `toc' on input line 8.
Package microtype Info: Applying patch `eqnum' on input line 8.
Package microtype Info: Applying patch `footnote' on input line 8.
Package microtype Info: Applying patch `verbatim' on input line 8.
LaTeX Info: Redefining \microtypesetup on input line 8.
Package microtype Info: Generating PDF output.
Package microtype Info: Character protrusion enabled (level 2).
Package microtype Info: Using default protrusion set `alltext'.
Package microtype Info: Automatic font expansion enabled (level 2),
(microtype)             stretch: 20, shrink: 20, step: 1, non-selected.
Package microtype Info: Using default expansion set `alltext-nott'.
Package microtype Info: Patching command `\showhyphens'.
Package microtype Info: No adjustment of tracking.
Package microtype Info: No adjustment of interword spacing.
Package microtype Info: No adjustment of character kerning.
 (c:/texlive/2026/texmf-dist/tex/latex/microtype/mt-cmr.cfg
File: mt-cmr.cfg 2013/05/19 v2.2 microtype config. file: Computer Modern Roman (RS)
)
\c@lstlisting=\count388
LaTeX Font Info:    Trying to load font information for C70+rm on input line 10.
 (c:/texlive/2026/texmf-dist/tex/latex/ctex/fd/c70rm.fd
File: c70rm.fd 2026/08/11 v2.6.5 Chinese font definition (CTEX)
) (c:/texlive/2026/texmf-dist/tex/generic/ctex/zhmap/ctex-zhmap-windows.tex
File: ctex-zhmap-windows.tex 2026/08/11 v2.6.5 Windows font map loader for pdfTeX and DVIPDFMx (CTEX)
{c:/texlive/2026/texmf-var/fonts/map/pdftex/updmap/pdftex.map}{UGBK.sfd}{Unicode.sfd}) [1


] [2

] (./main.toc
LaTeX Font Info:    Trying to load font information for U+msa on input line 3.
 (c:/texlive/2026/texmf-dist/tex/latex/amsfonts/umsa.fd
File: umsa.fd 2013/01/14 v3.01 AMS symbols A
) (c:/texlive/2026/texmf-dist/tex/latex/microtype/mt-msa.cfg
File: mt-msa.cfg 2006/02/04 v1.1 microtype config. file: AMS symbols (a) (RS)
)
LaTeX Font Info:    Trying to load font information for U+msb on input line 3.
 (c:/texlive/2026/texmf-dist/tex/latex/amsfonts/umsb.fd
File: umsb.fd 2013/01/14 v3.01 AMS symbols B
) (c:/texlive/2026/texmf-dist/tex/latex/microtype/mt-msb.cfg
File: mt-msb.cfg 2005/06/01 v1.0 microtype config. file: AMS symbols (b) (RS)
)
Package CJKpunct Info: use punctuation spaces for family 'rm' with punctstyle (quanjiao) on input line 4.
 [1

] [2] [3] [4])
\tf@toc=\write5
\openout5 = `main.toc'.

 [5]
Underfull \vbox (badness 1776) has occurred while \output is active []

 [6

] [7] [8

]
pdfTeX warning (ext4): destination with the same identifier (name{page.1}) has been already used, duplicate ignored
<to be read again> 
                   \relax 
l.28 ...ú∫Âô®Â≠¶‰π†ÁöÑÂü∫Êú¨ËØ≠Ë®Ä‰∏éÂÆåÊï¥ÊµÅÁ®ã}
                                                   [1

]
pdfTeX warning (ext4): destination with the same identifier (name{page.2}) has been already used, duplicate ignored
<to be read again> 
                   \relax 
l.30 ...de{chapters/00-mathematical-preliminaries}
                                                   [2]
\openout2 = `chapters/00-mathematical-preliminaries.aux'.

 (./chapters/00-mathematical-preliminaries.tex
Á¨¨‰∏ÄÁ´†
Package CJKpunct Info: use punctuation spaces for family 'zhkai' with punctstyle (quanjiao) on input line 4.
Package microtype Info: Loading generic protrusion settings for font family
(microtype)             `cmss' (encoding: OT1).
(microtype)             For optimal results, create family-specific settings.
(microtype)             See the microtype manual for details.
[3


] [4]
Overfull \hbox (0.42737pt too wide) in paragraph at lines 78--80
\C70/rm/m/n/12.045/5f ^^O[]\C70/rm/m/n/12.045/76 Ñ \C70/rm/m/n/12.045/7b , \C70/rm/m/n/12.045/4e ^^@ \C70/rm/m/n/12.045/98 y \C70/rm/m/n/12.045/4e ^^N$\OML/cmm/m/it/12.045 a$\C70/rm/m/n/12.045/65 ‡ \C70/rm/m/n/12.045/51 s|\C70/rm/m/n/12.045/ff ^^L| \C70/rm/m/n/12.045/4e § \C70/rm/m/n/12.045/53 … \C70/rm/m/n/12.045/98 y \C70/rm/m/n/12.045/56 ‡ \C70/rm/m/n/12.045/67 a \C70/rm/m/n/12.045/4e ˆ \C70/rm/m/n/12.045/6b ã \C70/rm/m/n/12.045/5d Ó \C70/rm/m/n/12.045/57 G \C70/rm/m/n/12.045/50 < \C70/rm/m/n/12.045/4e : \C70/rm/m/n/12.045/96 ˆ \C70/rm/m/n/12.045/80 ^^L \C70/rm/m/n/12.045/6d à \C70/rm/m/n/12.045/59 1|\C70/rm/m/n/12.045/ff ^^L| \C70/rm/m/n/12.045/62 @ \C70/rm/m/n/12.045/4e Â \C70/rm/m/n/12.045/67 ^^@ \C70/rm/m/n/12.045/4f ^^X$\OML/cmm/m/it/12.045 a$\C70/rm/m/n/12.045/4e :$\OML/cmm/m/it/12.045 ^^V\OT1/cmr/m/n/12.045 (-20) (\OML/cmm/m/it/12.045 x\OT1/cmr/m/n/12.045 (-20) )$|\C70/rm/m/n/12.045/30 ^^B| \C70/rm/m/n/12.045/8f Ÿ
 []

[5]
Overfull \hbox (0.71904pt too wide) in paragraph at lines 107--109
[]\C70/rm/m/n/12.045/71 µ \C70/rm/m/n/12.045/76 Ñ \C70/rm/m/n/12.045/4f · \C70/rm/m/n/12.045/60 o \C70/rm/m/n/12.045/5e ¶ \C70/rm/m/n/12.045/91 œ \C70/rm/m/n/12.045/67 e \C70/rm/m/n/12.045/81 Í \OT1/cmr/m/n/12.045 (-20) Shan-non \C70/rm/m/n/12.045/76 Ñ \C70/rm/m/n/12.045/4f · \C70/rm/m/n/12.045/60 o \C70/rm/m/n/12.045/8b ∫ \C70/rm/m/n/12.045/68 F \C70/rm/m/n/12.045/67 ∂|\C70/rm/m/n/12.045/ff ^^L| \C70/rm/m/n/12.045/76 ¯ \C70/rm/m/n/12.045/5b ˘ \C70/rm/m/n/12.045/71 µ \C70/rm/m/n/12.045/76 Ñ \C70/rm/m/n/12.045/7e ﬂ \C70/rm/m/n/12.045/8b ° \C70/rm/m/n/12.045/53 : \C70/rm/m/n/12.045/52 ^^F \C70/rm/m/n/12.045/61 ^^O \C70/rm/m/n/12.045/4e I \C70/rm/m/n/12.045/53 Ô \C70/rm/m/n/12.045/8f ˝ \C70/rm/m/n/12.045/6e Ø \C70/rm/m/n/12.045/52 0 \OT1/cmr/m/n/12.045 (-20) Kull-
 []


Overfull \hbox (0.41925pt too wide) in paragraph at lines 107--109
\C70/rm/m/n/12.045/80 ˝ \C70/rm/m/n/12.045/4e ≈ \C70/rm/m/n/12.045/56 ‡ \C70/rm/m/n/12.045/4e : \C70/rm/m/n/12.045/90 ˝ \C70/rm/m/n/12.045/4f ^^? \C70/rm/m/n/12.045/75 ( \C70/rm/m/n/12.045/5b ˘ \C70/rm/m/n/12.045/65 p \C70/rm/m/n/12.045/5c 1 \C70/rm/m/n/12.045/88 ´ \C70/rm/m/n/12.045/89 ∆ \C70/rm/m/n/12.045/4e : \C70/rm/m/n/12.045/54 ^^L \C70/rm/m/n/12.045/4e ^^@ * \C70/rm/m/n/12.045/91 œ|\C70/rm/m/n/12.045/30 ^^B| \C70/rm/m/n/12.045/79 ª \C70/rm/m/n/12.045/65 c \C70/rm/m/n/12.045/52 ^^F \C70/rm/m/n/12.045/5e ^^C$\OML/cmm/m/it/12.045 p$\C70/rm/m/n/12.045/76 Ñ \C70/rm/m/n/12.045/71 µ \C70/rm/m/n/12.045/4e :$\OML/cmm/m/it/12.045 H\OT1/cmr/m/n/12.045 (-20) (\OML/cmm/m/it/12.045 p\OT1/cmr/m/n/12.045 (-20) ) = \OMS/cmsy/m/n/12.045 ^^@ [][] \OML/cmm/m/it/12.045 p\OT1/cmr/m/n/12.045 (-20) (\OML/cmm/m/it/12.045 x\OT1/cmr/m/n/12.045 (-20) ) [] \OML/cmm/m/it/12.045 p\OT1/cmr/m/n/12.045 (-20) (\OML/cmm/m/it/12.045 x\OT1/cmr/m/n/12.045 (-20) )$|\C70/rm/m/n/12.045/30 ^^B|
 []

[6] [7]
Overfull \hbox (16.11436pt too wide) in paragraph at lines 188--189
[]\C70/rm/m/n/12.045/8f ﬁ \C70/rm/m/n/12.045/7e Ì \C70/rm/m/n/12.045/69 Ç \C70/rm/m/n/12.045/73 á \C70/rm/m/n/12.045/5b ∆ \C70/rm/m/n/12.045/5e ¶ \C70/rm/m/n/12.045/76 Ñ \C70/rm/m/n/12.045/79 Ô \C70/rm/m/n/12.045/52 ^^F \C70/rm/m/n/12.045/5f ≈ \C70/rm/m/n/12.045/98 { \C70/rm/m/n/12.045/7b I \C70/rm/m/n/12.045/4e é ^^@|\C70/rm/m/n/12.045/ff ^^[| \C70/rm/m/n/12.045/79 ª \C70/rm/m/n/12.045/65 c \C70/rm/m/n/12.045/69 Ç \C70/rm/m/n/12.045/73 á \C70/rm/m/n/12.045/52 ^^Y \C70/rm/m/n/12.045/90 ^^Z \C70/rm/m/n/12.045/8f « \C70/rm/m/n/12.045/6c B \C70/rm/m/n/12.045/54 å \C70/rm/m/n/12.045/5f R \C70/rm/m/n/12.045/4e ^^@ \C70/rm/m/n/12.045/53 ^^V|\C70/rm/m/n/12.045/30 ^^B| \C70/rm/m/n/12.045/5b ˘ \C70/rm/m/n/12.045/53 ¬ \C70/rm/m/n/12.045/65 p \C70/rm/m/n/12.045/53 ^^V \C70/rm/m/n/12.045/5b ∆ \C70/rm/m/n/12.045/5e ¶$\OML/cmm/m/it/12.045 p[]\OT1/cmr/m/n/12.045 (-20) (\OML/cmm/m/it/12.045 x\OT1/cmr/m/n/12.045 (-20) )$|\C70/rm/m/n/12.045/ff ^^L|
 []

[8] [9]) [10]
\openout2 = `chapters/01-foundations.aux'.

 (./chapters/01-foundations.tex
Á¨¨‰∫åÁ´†

Overfull \hbox (7.49635pt too wide) in paragraph at lines 14--15
\C70/rm/bx/n/12.045/4e Œ \C70/rm/bx/n/12.045/65 p \C70/rm/bx/n/12.045/63 n \C70/rm/bx/n/12.045/52 0 \C70/rm/bx/n/12.045/4e ˚ \C70/rm/bx/n/12.045/52 °|\C70/rm/bx/n/12.045/30 ^^B| [] \C70/rm/m/n/12.045/65 p \C70/rm/m/n/12.045/63 n |\C70/rm/m/n/12.045/ff ^^H|\OT1/cmr/m/n/12.045 (-20) data|\C70/rm/m/n/12.045/ff 	| \C70/rm/m/n/12.045/66 / \C70/rm/m/n/12.045/5b ˘ ˘ \C70/rm/m/n/12.045/8c a|\C70/rm/m/n/12.045/30 ^^A| \C70/rm/m/n/12.045/8f « \C70/rm/m/n/12.045/7a  \C70/rm/m/n/12.045/62 ^^V \C70/rm/m/n/12.045/73 Ø \C70/rm/m/n/12.045/58 É \C70/rm/m/n/12.045/76 Ñ \C70/rm/m/n/12.045/89 ¬ \C70/rm/m/n/12.045/6d K \C70/rm/m/n/12.045/8b ∞ \C70/rm/m/n/12.045/5f U|\C70/rm/m/n/12.045/30 ^^B| \C70/rm/m/n/12.045/4e ^^@ * \C70/rm/m/n/12.045/68 7 \C70/rm/m/n/12.045/67 , |\C70/rm/m/n/12.045/ff ^^H|\OT1/cmr/m/n/12.045 (-20) sample|\C70/rm/m/n/12.045/ff 	|
 []

[11




] [12] [13] [14]) [15]
\openout2 = `chapters/01b-linear-models.aux'.

 (./chapters/01b-linear-models.tex
Á¨¨‰∏âÁ´†
[16




]
Overfull \hbox (29.24405pt too wide) in paragraph at lines 66--67
\OT1/cmr/bx/n/12.045 (-20) Lasso\C70/rm/bx/n/12.045/76 Ñ \C70/rm/bx/n/12.045/96 ˆ \C70/rm/bx/n/12.045/7c ˚ \C70/rm/bx/n/12.045/65 p \C70/rm/bx/n/12.045/4e Œ \C70/rm/bx/n/12.045/54 Í \C70/rm/bx/n/12.045/91 Ã \C70/rm/bx/n/12.045/67 e|\C70/rm/bx/n/12.045/30 ^^B| [] \C70/rm/m/n/12.045/56 ˙ \C70/rm/m/n/12.045/5b ö \C70/rm/m/n/12.045/51 v \C70/rm/m/n/12.045/4e ÷ \C70/rm/m/n/12.045/57 P \C70/rm/m/n/12.045/68 ^^G|\C70/rm/m/n/12.045/ff ^^L| \C70/rm/m/n/12.045/8b ∞ \C70/rm/m/n/12.045/7b ,$\OML/cmm/m/it/12.045 j$\C70/rm/m/n/12.045/52 ^^W \C70/rm/m/n/12.045/4e :$\OML/cmm/b/it/12.045 x[]$|\C70/rm/m/n/12.045/ff ^^L| \C70/rm/m/n/12.045/90 Ë \C70/rm/m/n/12.045/52 ^^F \C70/rm/m/n/12.045/6b ã \C70/rm/m/n/12.045/5d Ó \C70/rm/m/n/12.045/4e :$\OML/cmm/b/it/12.045 r[] \OT1/cmr/m/n/12.045 (-20) = \OML/cmm/m/it/12.045 y \OMS/cmsy/m/n/12.045 ^^@ [][] \OML/cmm/b/it/12.045 x[]\OML/cmm/m/it/12.045 w[]$|\C70/rm/m/n/12.045/30 ^^B|
 []

[17] [18] [19]
Overfull \hbox (30.57199pt too wide) in paragraph at lines 154--155
\OT1/cmr/bx/n/12.045 (-20) K-means\C70/rm/bx/n/12.045/76 Ñ \C70/rm/bx/n/12.045/4e $ * \C70/rm/bx/n/12.045/66 Ù \C70/rm/bx/n/12.045/65 ∞ \C70/rm/bx/n/12.045/4e : ¿ H ^^M \C70/rm/bx/n/12.045/58 û \C70/rm/bx/n/12.045/63 _ \C70/rm/bx/n/12.045/59 1|\C70/rm/bx/n/12.045/30 ^^B| [] \C70/rm/m/n/12.045/5f ^^U \C70/rm/m/n/12.045/51 e \C70/rm/m/n/12.045/63 ^^G \C70/rm/m/n/12.045/6d > \C70/rm/m/n/12.045/53 ÿ \C70/rm/m/n/12.045/91 œ$\OML/cmm/m/it/12.045 z[] \OMS/cmsy/m/n/12.045 2 f\OT1/cmr/m/n/12.045 (-20) 1\OML/cmm/m/it/12.045 ; [] ; K\OMS/cmsy/m/n/12.045 g$|\C70/rm/m/n/12.045/ff ^^L| \C70/rm/m/n/12.045/76 Ó \C70/rm/m/n/12.045/68 ^^G \C70/rm/m/n/12.045/62 ^^P \C70/rm/m/n/12.045/4e :$\OML/cmm/m/it/12.045 Q\OT1/cmr/m/n/12.045 (-20) (\OML/cmm/m/it/12.045 z; ^^V\OT1/cmr/m/n/12.045 (-20) ) =
 []

[20] [21]) [22]
\openout2 = `chapters/02-learning-pipeline.aux'.

 (./chapters/02-learning-pipeline.tex
Á¨¨ÂõõÁ´†
[23




] [24]
Overfull \hbox (0.393pt too wide) in paragraph at lines 83--84
\OT1/cmr/m/n/12.045 (-20) er-at-ing Char-ac-ter-is-tic Curve (ROC-AUC)|\C70/rm/m/n/12.045/ff ^^[| \C70/rm/m/n/12.045/56 ﬁ \C70/rm/m/n/12.045/5f R \C70/rm/m/n/12.045/5e 8 \C70/rm/m/n/12.045/75 (\OT1/cmr/m/n/12.045 (-20) Mean Ab-so-lute Er-ror (MAE)\C70/rm/m/n/12.045/4e ^^N\OT1/cmr/m/n/12.045 (-20) Root
 []

[25] [26] [27]) [28]
\openout2 = `chapters/02b-optimization-training.aux'.

 (./chapters/02b-optimization-training.tex
Á¨¨‰∫îÁ´†
[29




]
Overfull \hbox (9.75371pt too wide) in paragraph at lines 66--67
\C70/rm/bx/n/12.045/53 U \C70/rm/bx/n/12.045/6b e \C70/rm/bx/n/12.045/4e  \C70/rm/bx/n/12.045/96 M \C70/rm/bx/n/12.045/97 ^^@ \C70/rm/bx/n/12.045/89 Å \C70/rm/bx/n/12.045/60 ^^N \C70/rm/bx/n/12.045/68 7 \C70/rm/bx/n/12.045/76 Ñ \C70/rm/bx/n/12.045/5b f \C70/rm/bx/n/12.045/4e ` \C70/rm/bx/n/12.045/73 á|\C70/rm/bx/n/12.045/30 ^^B| [] \C70/rm/m/n/12.045/50 G \C70/rm/m/n/12.045/8b æ$\OML/cmm/m/it/12.045 J$\C70/rm/m/n/12.045/53 Ô \C70/rm/m/n/12.045/5f Æ \C70/rm/m/n/12.045/4e ^^T \C70/rm/m/n/12.045/68 Ø \C70/rm/m/n/12.045/5e ¶ \C70/rm/m/n/12.045/4e :$\OML/cmm/m/it/12.045 L$\OT1/cmr/m/n/12.045 (-20) -Lipschitz|\C70/rm/m/n/12.045/ff ^^L| \C70/rm/m/n/12.045/53 s$\OMS/cmsy/m/n/12.045 kr\OML/cmm/m/it/12.045 J\OT1/cmr/m/n/12.045 (-20) (\OML/cmm/m/it/12.045 u\OT1/cmr/m/n/12.045 (-20) ) \OMS/cmsy/m/n/12.045 ^^@ r\OML/cmm/m/it/12.045 J\OT1/cmr/m/n/12.045 (-20) (\OML/cmm/m/it/12.045 v\OT1/cmr/m/n/12.045 (-20) )\OMS/cmsy/m/n/12.045 k[] ^^T
 []

[30]
Overfull \hbox (2.24918pt too wide) in paragraph at lines 84--85
\C70/rm/bx/n/12.045/96 è \C70/rm/bx/n/12.045/67 : \C70/rm/bx/n/12.045/68 Ø \C70/rm/bx/n/12.045/5e ¶ \C70/rm/bx/n/12.045/4e  : \C70/rm/bx/n/12.045/4f U \C70/rm/bx/n/12.045/4e ^^M \C70/rm/bx/n/12.045/80 ˝ \C70/rm/bx/n/12.045/89 Å \C70/rm/bx/n/12.045/6c B \C70/rm/bx/n/12.045/6b œ e \C70/rm/bx/n/12.045/4e  \C70/rm/bx/n/12.045/96 M|\C70/rm/bx/n/12.045/30 ^^B| [] \C70/rm/m/n/12.045/5b ˘ \C70/rm/m/n/12.045/5f S \C70/rm/m/n/12.045/52 M \C70/rm/m/n/12.045/53 ¬ \C70/rm/m/n/12.045/65 p \C70/rm/m/n/12.045/67 a \C70/rm/m/n/12.045/4e ˆ \C70/rm/m/n/12.045/53 ^^V|\C70/rm/m/n/12.045/ff ^^L| \C70/rm/m/n/12.045/50 G \C70/rm/m/n/12.045/8b æ$\U/msb/m/n/12.045 E\OT1/cmr/m/n/12.045 (-20) [[] \OMS/cmsy/m/n/12.045 j \OML/cmm/m/it/12.045 ^^R[]\OT1/cmr/m/n/12.045 (-20) ] = \OML/cmm/m/it/12.045 g[]$|\C70/rm/m/n/12.045/30 ^^A| $\U/msb/m/n/12.045 E\OT1/cmr/m/n/12.045 (-20) [\OMS/cmsy/m/n/12.045 k[] ^^@
 []

[31]
Overfull \hbox (1.79796pt too wide) in paragraph at lines 124--126
\C70/rm/m/n/12.045/56 ‡ \C70/rm/m/n/12.045/6b d \C70/rm/m/n/12.045/63 ® \C70/rm/m/n/12.045/74 ^^F \C70/rm/m/n/12.045/65 ˆ \C70/rm/m/n/12.045/53 Ô \C70/rm/m/n/12.045/4e Â \C70/rm/m/n/12.045/76 Ù \C70/rm/m/n/12.045/63 • \C70/rm/m/n/12.045/4f ^^? \C70/rm/m/n/12.045/75 ($\OML/cmm/m/it/12.045 h[]$\C70/rm/m/n/12.045/80 ^^L \C70/rm/m/n/12.045/65 ‡ \C70/rm/m/n/12.045/97 ^^@ \C70/rm/m/n/12.045/51 ç \C70/rm/m/n/12.045/7f ) \C70/rm/m/n/12.045/65 >|\C70/rm/m/n/12.045/ff ^^L| \C70/rm/m/n/12.045/4f F \C70/rm/m/n/12.045/97 ^ \C70/rm/m/n/12.045/7e ø \C70/rm/m/n/12.045/60 ' \C70/rm/m/n/12.045/7f Q \C70/rm/m/n/12.045/7e ‹ \C70/rm/m/n/12.045/4e ^^@ \C70/rm/m/n/12.045/82 , \C70/rm/m/n/12.045/4e ^^M \C70/rm/m/n/12.045/6e · \C70/rm/m/n/12.045/8d ≥$\U/msb/m/n/12.045 E\OT1/cmr/m/n/12.045 (-20) [\OML/cmm/m/it/12.045 f\OT1/cmr/m/n/12.045 (-20) ([])] = \OML/cmm/m/it/12.045 f\OT1/cmr/m/n/12.045 (-20) (\U/msb/m/n/12.045 E[]\OT1/cmr/m/n/12.045 (-20) )$|\C70/rm/m/n/12.045/ff ^^L|
 []

[32]
Package hyperref Info: bookmark level for unknown algorithm defaults to 0 on input line 142.
 [33] [34]) [35]
\openout2 = `chapters/03-generalization.aux'.

 (./chapters/03-generalization.tex
Á¨¨ÂÖ≠Á´†
[36




]
Overfull \hbox (7.28233pt too wide) in paragraph at lines 47--49
\C70/rm/m/n/12.045/67 ^^@ \C70/rm/m/n/12.045/54 ^^N \C70/rm/m/n/12.045/4e ^^@ \C70/rm/m/n/12.045/6b e \C70/rm/m/n/12.045/52 ^^F + \C70/rm/m/n/12.045/4f ^^? \C70/rm/m/n/12.045/75 ( \C70/rm/m/n/12.045/4e - \C70/rm/m/n/12.045/5f √ \C70/rm/m/n/12.045/53 ^^V|\C70/rm/m/n/12.045/30 ^^A| \C70/rm/m/n/12.045/96 ˆ \C70/rm/m/n/12.045/57 G \C70/rm/m/n/12.045/50 < \C70/rm/m/n/12.045/4e ^^N \C70/rm/m/n/12.045/6d K \C70/rm/m/n/12.045/8b ’ \C70/rm/m/n/12.045/56 j \C70/rm/m/n/12.045/58  \C70/rm/m/n/12.045/72 Ï \C70/rm/m/n/12.045/7a À \C70/rm/m/n/12.045/4e é \C70/rm/m/n/12.045/8b ≠ \C70/rm/m/n/12.045/7e √ \C70/rm/m/n/12.045/96 ∆ \C70/rm/m/n/12.045/76 Ñ \C70/rm/m/n/12.045/50 G \C70/rm/m/n/12.045/8b æ|\C70/rm/m/n/12.045/30 ^^B| \C70/rm/m/n/12.045/51 ç \C70/rm/m/n/12.045/5b ˘ \C70/rm/m/n/12.045/6d K \C70/rm/m/n/12.045/8b ’ \C70/rm/m/n/12.045/8f ì \C70/rm/m/n/12.045/51 e$\OML/cmm/m/it/12.045 X$\C70/rm/m/n/12.045/79 Ô
 []


Overfull \hbox (23.47964pt too wide) in paragraph at lines 64--65
\C70/rm/bx/n/12.045/6b c \C70/rm/bx/n/12.045/52 ^^Y \C70/rm/bx/n/12.045/53 ^^V \C70/rm/bx/n/12.045/76 Ñ \C70/rm/bx/n/12.045/69 Ç \C70/rm/bx/n/12.045/73 á \C70/rm/bx/n/12.045/89 „ \C70/rm/bx/n/12.045/91  |\C70/rm/bx/n/12.045/30 ^^B| [] \C70/rm/m/n/12.045/80 ^^C \C70/rm/m/n/12.045/86 Q \C70/rm/m/n/12.045/89 ¬ \C70/rm/m/n/12.045/6d K \C70/rm/m/n/12.045/6a ! \C70/rm/m/n/12.045/57 ã$\OML/cmm/m/it/12.045 y[] \OMS/cmsy/m/n/12.045 j \OML/cmm/m/it/12.045 x[]; \OML/cmm/b/it/12.045 ^^R \OMS/cmsy/m/n/12.045 ^^X N\OT1/cmr/m/n/12.045 (-20) (\OML/cmm/m/it/12.045 f[]\OT1/cmr/m/n/12.045 (-20) (\OML/cmm/m/it/12.045 x[]\OT1/cmr/m/n/12.045 (-20) )\OML/cmm/m/it/12.045 ; ^^[[]\OT1/cmr/m/n/12.045 (-20) )$\C70/rm/m/n/12.045/54 å \C70/rm/m/n/12.045/9a ÿ \C70/rm/m/n/12.045/65 Ø \C70/rm/m/n/12.045/51 H \C70/rm/m/n/12.045/9a å$\OML/cmm/m/it/12.045 p\OT1/cmr/m/n/12.045 (-20) (\OML/cmm/b/it/12.045 ^^R\OT1/cmr/m/n/12.045 (-20) ) = \OMS/cmsy/m/n/12.045 N\OT1/cmr/m/n/12.045 (-20) (0\OML/cmm/m/it/12.045 ; ^^\[]I\OT1/cmr/m/n/12.045 (-20) )$|\C70/rm/m/n/12.045/30 ^^B|
 []

[37] [38] [39]) [40]
\openout2 = `chapters/03b-statistical-learning.aux'.

 (./chapters/03b-statistical-learning.tex
Á¨¨‰∏ÉÁ´†
[41




]
Overfull \hbox (6.71028pt too wide) in paragraph at lines 72--73
\C70/rm/bx/n/12.045/59 ^^M \C70/rm/bx/n/12.045/67 B \C70/rm/bx/n/12.045/5e ¶ \C70/rm/bx/n/12.045/60 È \C70/rm/bx/n/12.045/7f Z \C70/rm/bx/n/12.045/59 Ç \C70/rm/bx/n/12.045/4f U \C70/rm/bx/n/12.045/96 è \C70/rm/bx/n/12.045/50 ^^Y \C70/rm/bx/n/12.045/90 	 \C70/rm/bx/n/12.045/7c { \C70/rm/bx/n/12.045/52 ^^F \C70/rm/bx/n/12.045/91 M|\C70/rm/bx/n/12.045/30 ^^B| [] \C70/rm/m/n/12.045/5b ˘ \C70/rm/m/n/12.045/98 Ñ \C70/rm/m/n/12.045/51 H \C70/rm/m/n/12.045/63 ^^G \C70/rm/m/n/12.045/5b ö \C70/rm/m/n/12.045/76 Ñ \C70/rm/m/n/12.045/67 	 \C70/rm/m/n/12.045/96 P \C70/rm/m/n/12.045/7c {$\OMS/cmsy/m/n/12.045 H[]$\C70/rm/m/n/12.045/90 	 \C70/rm/m/n/12.045/62 È \C70/rm/m/n/12.045/6b c \C70/rm/m/n/12.045/65 p$\OML/cmm/m/it/12.045 ^^Y[]$|\C70/rm/m/n/12.045/ff ^^L| \C70/rm/m/n/12.045/6e · \C70/rm/m/n/12.045/8d ≥$[][] \OML/cmm/m/it/12.045 ^^Y[] \OT1/cmr/m/n/12.045 (-20) =
 []

[42]
Overfull \hbox (24.61546pt too wide) in paragraph at lines 83--84
\C70/rm/bx/n/12.045/65 ‡ \C70/rm/bx/n/12.045/96 P \C70/rm/bx/n/12.045/7c { \C70/rm/bx/n/12.045/97 ^^@ \C70/rm/bx/n/12.045/89 Å \C70/rm/bx/n/12.045/4e ¿ H \C70/rm/bx/n/12.045/66 ˇ \C70/rm/bx/n/12.045/4e „ \C70/rm/bx/n/12.045/91 œ|\C70/rm/bx/n/12.045/30 ^^B| [] \C70/rm/m/n/12.045/8f ﬁ \C70/rm/m/n/12.045/7e Ì \C70/rm/m/n/12.045/53 ¬ \C70/rm/m/n/12.045/65 p \C70/rm/m/n/12.045/7c { \C70/rm/m/n/12.045/90 ^^Z \C70/rm/m/n/12.045/5e 8 \C70/rm/m/n/12.045/67 	 \C70/rm/m/n/12.045/65 ‡ \C70/rm/m/n/12.045/96 P \C70/rm/m/n/12.045/59 ^^Z \C70/rm/m/n/12.045/4e * \C70/rm/m/n/12.045/51 ˝ \C70/rm/m/n/12.045/65 p|\C70/rm/m/n/12.045/ff ^^L| \C70/rm/m/n/12.045/4e ^^M \C70/rm/m/n/12.045/80 ˝ \C70/rm/m/n/12.045/62 ä \C70/rm/m/n/12.045/53 ¬ \C70/rm/m/n/12.045/65 p \C70/rm/m/n/12.045/4e * \C70/rm/m/n/12.045/65 p \C70/rm/m/n/12.045/4e „ \C70/rm/m/n/12.045/51 e$[] \OMS/cmsy/m/n/12.045 jHj$|\C70/rm/m/n/12.045/30 ^^B|
 []

LaTeX Font Info:    Trying to load font information for U+euf on input line 87.
(c:/texlive/2026/texmf-dist/tex/latex/amsfonts/ueuf.fd
File: ueuf.fd 2013/01/14 v3.01 Euler Fraktur
) (c:/texlive/2026/texmf-dist/tex/latex/microtype/mt-euf.cfg
File: mt-euf.cfg 2006/07/03 v1.1 microtype config. file: AMS Euler Fraktur (RS)
)
Overfull \hbox (11.41443pt too wide) in paragraph at lines 104--105
\C70/rm/bx/n/12.045/4e § \C70/rm/bx/n/12.045/53 … \C70/rm/bx/n/12.045/9a å \C70/rm/bx/n/12.045/8b ¡ \C70/rm/bx/n/12.045/4f 0 \C70/rm/bx/n/12.045/8b ° \C70/rm/bx/n/12.045/76 Ñ \C70/rm/bx/n/12.045/66 / \C70/rm/bx/n/12.045/54 Í \C70/rm/bx/n/12.045/4e * \C70/rm/bx/n/12.045/7b ó \C70/rm/bx/n/12.045/6c ’|\C70/rm/bx/n/12.045/30 ^^B| [] \C70/rm/m/n/12.045/8b æ \C70/rm/m/n/12.045/62 ò \C70/rm/m/n/12.045/7d " \C70/rm/m/n/12.045/5f ^^U \C70/rm/m/n/12.045/4e :$\OML/cmm/m/it/12.045 I[]; [] ; I[]$|\C70/rm/m/n/12.045/ff ^^L| \C70/rm/m/n/12.045/8d Ö \C70/rm/m/n/12.045/53 ¬ \C70/rm/m/n/12.045/65 p \C70/rm/m/n/12.045/4e :$\OML/cmm/m/it/12.045 h$|\C70/rm/m/n/12.045/ff ^^L| $[]$\C70/rm/m/n/12.045/88 h \C70/rm/m/n/12.045/79 : \C70/rm/m/n/12.045/53 Í \C70/rm/m/n/12.045/75 ( \C70/rm/m/n/12.045/7b ,$\OML/cmm/m/it/12.045 k$\C70/rm/m/n/12.045/62 ò
 []

[43]
Overfull \hbox (26.80219pt too wide) in paragraph at lines 108--110
\C70/rm/m/n/12.045/7a À \C70/rm/m/n/12.045/8b ’ \C70/rm/m/n/12.045/9a å|\C70/rm/m/n/12.045/30 ^^B| \C70/rm/m/n/12.045/90 	$[] \OT1/cmr/m/n/12.045 (-20) = [][] [](\OML/cmm/m/it/12.045 h\OT1/cmr/m/n/12.045 (-20) )$\C70/rm/m/n/12.045/54 ^^N|\C70/rm/m/n/12.045/ff ^^L| \C70/rm/m/n/12.045/67 ^^@ \C70/rm/m/n/12.045/5c ^^O \C70/rm/m/n/12.045/52 ^^F \C70/rm/m/n/12.045/65 p \C70/rm/m/n/12.045/67 	 \C70/rm/m/n/12.045/90 	 \C70/rm/m/n/12.045/62 È \C70/rm/m/n/12.045/50 O \C70/rm/m/n/12.045/5d Ó|\C70/rm/m/n/12.045/ff ^^Z| \C70/rm/m/n/12.045/5b ˘ \C70/rm/m/n/12.045/5e & \C70/rm/m/n/12.045/56 j \C70/rm/m/n/12.045/4f 0 \C70/rm/m/n/12.045/8b °$[]$|\C70/rm/m/n/12.045/ff ^^L| \C70/rm/m/n/12.045/60 ; \C70/rm/m/n/12.045/67 	$\U/msb/m/n/12.045 E [][] [] \OMS/cmsy/m/n/12.045 ^^T
 []


Overfull \hbox (11.59026pt too wide) in paragraph at lines 124--125
\C70/rm/bx/n/12.045/7c { \C70/rm/bx/n/12.045/52 + \C70/rm/bx/n/12.045/67 C \C70/rm/bx/n/12.045/91 Õ \C70/rm/bx/n/12.045/4e : \C70/rm/bx/n/12.045/4f U \C70/rm/bx/n/12.045/65 9 \C70/rm/bx/n/12.045/53 ÿ \C70/rm/bx/n/12.045/69 Ç \C70/rm/bx/n/12.045/73 á \C70/rm/bx/n/12.045/54 + \C70/rm/bx/n/12.045/4e I|\C70/rm/bx/n/12.045/30 ^^B| [] \C70/rm/m/n/12.045/4e ‰ \C70/rm/m/n/12.045/77 ^^_ \C70/rm/m/n/12.045/5b û \C70/rm/m/n/12.045/67 a \C70/rm/m/n/12.045/4e ˆ \C70/rm/m/n/12.045/6b c \C70/rm/m/n/12.045/4f ã \C70/rm/m/n/12.045/69 Ç \C70/rm/m/n/12.045/73 á \C70/rm/m/n/12.045/4e :$\OML/cmm/m/it/12.045 p$|\C70/rm/m/n/12.045/ff ^^L| \C70/rm/m/n/12.045/98 Ñ \C70/rm/m/n/12.045/6d K \C70/rm/m/n/12.045/4e :$\OML/cmm/m/it/12.045 q$|\C70/rm/m/n/12.045/ff ^^L| \C70/rm/m/n/12.045/6b c \C70/rm/m/n/12.045/8d ^^_ \C70/rm/m/n/12.045/7c { \C70/rm/m/n/12.045/67 C \C70/rm/m/n/12.045/91 Õ \C70/rm/m/n/12.045/4e :$\OML/cmm/m/it/12.045 a; b >
 []


Overfull \hbox (0.55713pt too wide) in paragraph at lines 134--136
\C70/rm/m/n/12.045/53 s \C70/rm/m/n/12.045/4f ^^? \C70/rm/m/n/12.045/63 í \C70/rm/m/n/12.045/5e è \C70/rm/m/n/12.045/54 å \C70/rm/m/n/12.045/67 a \C70/rm/m/n/12.045/4e ˆ \C70/rm/m/n/12.045/95 ^^Y \C70/rm/m/n/12.045/8b Ô \C70/rm/m/n/12.045/73 á \C70/rm/m/n/12.045/4e ^^M \C70/rm/m/n/12.045/53 ÿ|\C70/rm/m/n/12.045/ff ^^L| \C70/rm/m/n/12.045/90 Ë \C70/rm/m/n/12.045/7f r \C70/rm/m/n/12.045/6b c \C70/rm/m/n/12.045/4f ã \C70/rm/m/n/12.045/66 Ù \C70/rm/m/n/12.045/7a ^^@ \C70/rm/m/n/12.045/5c ^^Q \C70/rm/m/n/12.045/65 ˆ \C70/rm/m/n/12.045/7c æ \C70/rm/m/n/12.045/78 n \C70/rm/m/n/12.045/73 á \C70/rm/m/n/12.045/4e _ \C70/rm/m/n/12.045/4f ^^Z \C70/rm/m/n/12.045/4e  \C70/rm/m/n/12.045/96 M|\C70/rm/m/n/12.045/30 ^^B| \C70/rm/m/n/12.045/8d Ë \C70/rm/m/n/12.045/5d Â \C70/rm/m/n/12.045/51 µ \C70/rm/m/n/12.045/6b ‘ \C70/rm/m/n/12.045/8f É \C70/rm/m/n/12.045/7c æ \C70/rm/m/n/12.045/78 n \C70/rm/m/n/12.045/73 á\OT1/cmr/m/n/12.045 (-20) --
 []

[44] [45]
Overfull \hbox (13.34482pt too wide) in paragraph at lines 166--167
\C70/rm/bx/n/12.045/6e ) \C70/rm/bx/n/12.045/5e ¶ \C70/rm/bx/n/12.045/7f ) \C70/rm/bx/n/12.045/65 > \C70/rm/bx/n/12.045/76 Ñ Ó \C70/rm/bx/n/12.045/68 ^^G \C70/rm/bx/n/12.045/4e ^^N \C70/rm/bx/n/12.045/8f π \C70/rm/bx/n/12.045/75 L|\C70/rm/bx/n/12.045/30 ^^B| [] \C70/rm/m/n/12.045/5b ˘$\OML/cmm/m/it/12.045 C$\C70/rm/m/n/12.045/7c {\OT1/cmr/m/n/12.045 (-20) logits $\OML/cmm/m/it/12.045 z[] \OMS/cmsy/m/n/12.045 2 \U/msb/m/n/12.045 R[]$|\C70/rm/m/n/12.045/ff ^^L| \C70/rm/m/n/12.045/57 ( \C70/rm/m/n/12.045/72 Ï \C70/rm/m/n/12.045/7a À \C70/rm/m/n/12.045/68 ! \C70/rm/m/n/12.045/51 ∆ \C70/rm/m/n/12.045/96 ∆ \C70/rm/m/n/12.045/4e 
 ‰$\OML/cmm/m/it/12.045 T > \OT1/cmr/m/n/12.045 (-20) 0$|\C70/rm/m/n/12.045/ff ^^L| \C70/rm/m/n/12.045/5b ö \C70/rm/m/n/12.045/4e I$\OML/cmm/m/it/12.045 q[]\OT1/cmr/m/n/12.045 (-20) (\OML/cmm/m/it/12.045 T\OT1/cmr/m/n/12.045 (-20) ) =
 []

) [46] [47]
\openout2 = `chapters/03c-data-engineering.aux'.

 (./chapters/03c-data-engineering.tex
Á¨¨ÂÖ´Á´†
[48




] [49] [50] [51] [52]
Overfull \hbox (0.8374pt too wide) in paragraph at lines 154--155
\C70/rm/bx/n/12.045/4e Œ \C70/rm/bx/n/12.045/7a ó \C70/rm/bx/n/12.045/53 „ \C70/rm/bx/n/12.045/54 J \C70/rm/bx/n/12.045/8b f \C70/rm/bx/n/12.045/52 0 \C70/rm/bx/n/12.045/4e ã ˆ \C70/rm/bx/n/12.045/9a å \C70/rm/bx/n/12.045/65 6|\C70/rm/bx/n/12.045/30 ^^B| [] \C70/rm/m/n/12.045/8b æ \C70/rm/m/n/12.045/7b ,$\OML/cmm/m/it/12.045 e$\C70/rm/m/n/12.045/6b ! \C70/rm/m/n/12.045/65 E \C70/rm/m/n/12.045/96 ú \C70/rm/m/n/12.045/53 — \C70/rm/m/n/12.045/75 ^^_ \C70/rm/m/n/12.045/57 ($\OML/cmm/m/it/12.045 T[]$|\C70/rm/m/n/12.045/ff ^^L| \C70/rm/m/n/12.045/98 Ñ \C70/rm/m/n/12.045/51 H \C70/rm/m/n/12.045/89 ƒ \C70/rm/m/n/12.045/5b ö \C70/rm/m/n/12.045/67 	 \C70/rm/m/n/12.045/65 H \C70/rm/m/n/12.045/54 J \C70/rm/m/n/12.045/8b f \C70/rm/m/n/12.045/7a ó \C70/rm/m/n/12.045/53 „$\OT1/cmr/m/n/12.045 (-20) [\OML/cmm/m/it/12.045 T[] \OMS/cmsy/m/n/12.045 ^^@ \OML/cmm/m/it/12.045 H; T[] \OMS/cmsy/m/n/12.045 ^^@
 []

[53]) [54] [55



] [56]
\openout2 = `chapters/04-bayesian.aux'.

 (./chapters/04-bayesian.tex
Á¨¨‰πùÁ´†
[57


]
Overfull \hbox (0.38715pt too wide) in paragraph at lines 41--42
\C70/rm/bx/n/12.045/66 Ù \C70/rm/bx/n/12.045/65 ∞ \C70/rm/bx/n/12.045/4e ^^N \C70/rm/bx/n/12.045/98 Ñ \C70/rm/bx/n/12.045/6d K \C70/rm/bx/n/12.045/54 ^^D \C70/rm/bx/n/12.045/75 ( \C70/rm/bx/n/12.045/4e Ü \C70/rm/bx/n/12.045/54 Í \C70/rm/bx/n/12.045/67 a \C70/rm/bx/n/12.045/69 Ç \C70/rm/bx/n/12.045/73 á \C70/rm/bx/n/12.045/89 ƒ \C70/rm/bx/n/12.045/52 ^^Y|\C70/rm/bx/n/12.045/30 ^^B| [] \C70/rm/m/n/12.045/80 T \C70/rm/m/n/12.045/54 ^^H \C70/rm/m/n/12.045/52 ^^F \C70/rm/m/n/12.045/5e ^^C \C70/rm/m/n/12.045/53 Ô \C70/rm/m/n/12.045/52 ^^F + \C70/rm/m/n/12.045/51 ô \C70/rm/m/n/12.045/62 ^^P$\OML/cmm/m/it/12.045 p\OT1/cmr/m/n/12.045 (-20) (\OML/cmm/m/it/12.045 ^^R; \OMS/cmsy/m/n/12.045 D\OT1/cmr/m/n/12.045 (-20) ) = \OML/cmm/m/it/12.045 p\OT1/cmr/m/n/12.045 (-20) (\OMS/cmsy/m/n/12.045 D j \OML/cmm/m/it/12.045 ^^R\OT1/cmr/m/n/12.045 (-20) )\OML/cmm/m/it/12.045 p\OT1/cmr/m/n/12.045 (-20) (\OML/cmm/m/it/12.045 ^^R\OT1/cmr/m/n/12.045 (-20) )$\C70/rm/m/n/12.045/54 å$\OML/cmm/m/it/12.045 p\OT1/cmr/m/n/12.045 (-20) (\OML/cmm/m/it/12.045 ^^R \OMS/cmsy/m/n/12.045 j
 []

[58] [59]
Overfull \hbox (2.30324pt too wide) in paragraph at lines 109--110
[]\C70/rm/m/n/12.045/6b œ \C70/rm/m/n/12.045/88 L \C70/rm/m/n/12.045/8f l \C70/rm/m/n/12.045/79 ˚ \C70/rm/m/n/12.045/69 Ç \C70/rm/m/n/12.045/73 á \C70/rm/m/n/12.045/4e K \C70/rm/m/n/12.045/54 å \C70/rm/m/n/12.045/4e : ^^@|\C70/rm/m/n/12.045/30 ^^B| \C70/rm/m/n/12.045/59 ^^Z \C70/rm/m/n/12.045/90 ^^Z S \C70/rm/m/n/12.045/89 ¬ \C70/rm/m/n/12.045/6d K \C70/rm/m/n/12.045/53 Ô \C70/rm/m/n/12.045/4e Â \C70/rm/m/n/12.045/75 ( \C70/rm/m/n/12.045/80 T \C70/rm/m/n/12.045/54 ^^H \C70/rm/m/n/12.045/9a ÿ \C70/rm/m/n/12.045/65 Ø \C70/rm/m/n/12.045/52 ^^F \C70/rm/m/n/12.045/5e ^^C \C70/rm/m/n/12.045/62 ^^V \C70/rm/m/n/12.045/6d ˜ \C70/rm/m/n/12.045/54 ^^H \C70/rm/m/n/12.045/52 ^^F \C70/rm/m/n/12.045/5e ^^C \C70/rm/m/n/12.045/63 œ \C70/rm/m/n/12.045/8f |\C70/rm/m/n/12.045/ff ^^L| \OT1/cmr/m/n/12.045 (-20) HMM
 []

[60]
Overfull \hbox (0.21036pt too wide) in paragraph at lines 145--147
\C70/rm/m/n/12.045/67 a \C70/rm/m/n/12.045/4e ˆ \C70/rm/m/n/12.045/72 Ï \C70/rm/m/n/12.045/7a À \C70/rm/m/n/12.045/51 A \C70/rm/m/n/12.045/8b ∏ \C70/rm/m/n/12.045/62 ä \C70/rm/m/n/12.045/89 ¬ \C70/rm/m/n/12.045/6d K \C70/rm/m/n/12.045/56 ‡ \C70/rm/m/n/12.045/5b P \C70/rm/m/n/12.045/63 – \C70/rm/m/n/12.045/52 0 \C70/rm/m/n/12.045/6c B \C70/rm/m/n/12.045/54 å \C70/rm/m/n/12.045/59 ^^V|\C70/rm/m/n/12.045/30 ^^B| \C70/rm/m/n/12.045/76 ¯ \C70/rm/m/n/12.045/4f < \C70/rm/m/n/12.045/57 0|\C70/rm/m/n/12.045/ff ^^L| \C70/rm/m/n/12.045/4e Œ$\OML/cmm/m/it/12.045 z[]$\C70/rm/m/n/12.045/8f π \C70/rm/m/n/12.045/7f ^^X \C70/rm/m/n/12.045/53 ^^V \C70/rm/m/n/12.045/5f ó \C70/rm/m/n/12.045/52 0 \C70/rm/m/n/12.045/54 ^^N ^^Q \C70/rm/m/n/12.045/90 ^^R \C70/rm/m/n/12.045/63 ®|\C70/rm/m/n/12.045/ff ^^[| \C70/rm/m/n/12.045/7e Ÿ \C70/rm/m/n/12.045/5b ö$\OML/cmm/m/it/12.045 z[]$\C70/rm/m/n/12.045/54 ^^N
 []

[61] [62]
Overfull \hbox (3.48701pt too wide) in paragraph at lines 191--193
[]\C70/rm/m/n/12.045/67 ^^@ \C70/rm/m/n/12.045/59 ' \C70/rm/m/n/12.045/71 µ \C70/rm/m/n/12.045/9a l \C70/rm/m/n/12.045/5c ^^T \C70/rm/m/n/12.045/79 — \C70/rm/m/n/12.045/59 + \C70/rm/m/n/12.045/6a ! \C70/rm/m/n/12.045/57 ã \C70/rm/m/n/12.045/4e ^^N \C70/rm/m/n/12.045/67 a \C70/rm/m/n/12.045/4e ˆ \C70/rm/m/n/12.045/96 è \C70/rm/m/n/12.045/67 : \C70/rm/m/n/12.045/57 : \C70/rm/m/n/12.045/52 ^^F + \C70/rm/m/n/12.045/4e „ \C70/rm/m/n/12.045/88 h \C70/rm/m/n/12.045/5c @ \C70/rm/m/n/12.045/90 Ë \C70/rm/m/n/12.045/67 a \C70/rm/m/n/12.045/4e ˆ \C70/rm/m/n/12.045/5f R \C70/rm/m/n/12.045/4e ^^@ \C70/rm/m/n/12.045/53 ^^V \C70/rm/m/n/12.045/54 å \C70/rm/m/n/12.045/51 h \C70/rm/m/n/12.045/5c @ \C70/rm/m/n/12.045/8d Ô \C70/rm/m/n/12.045/5f Ñ R \C70/rm/m/n/12.045/4e ^^@ \C70/rm/m/n/12.045/53 ^^V\OT1/cmr/m/n/12.045 (-20) [[],
 []


Overfull \hbox (12.06163pt too wide) in paragraph at lines 218--219
\C70/rm/bx/n/12.045/67 ^^@ \C70/rm/bx/n/12.045/59 ' \C70/rm/bx/n/12.045/71 µ \C70/rm/bx/n/12.045/4e : \C70/rm/bx/n/12.045/4f U \C70/rm/bx/n/12.045/5b ¸ \C70/rm/bx/n/12.045/51 ˙\OT1/cmr/bx/n/12.045 (-20) softmax|\C70/rm/bx/n/12.045/30 ^^B| [] \C70/rm/m/n/12.045/62 ä \C70/rm/m/n/12.045/52 M \C70/rm/m/n/12.045/9a q \C70/rm/m/n/12.045/4e ^^N \C70/rm/m/n/12.045/53 Ô \C70/rm/m/n/12.045/75 ( \C70/rm/m/n/12.045/8f ì \C70/rm/m/n/12.045/51 e \C70/rm/m/n/12.045/54 ^^H \C70/rm/m/n/12.045/79  \C70/rm/m/n/12.045/4e 
  \C70/rm/m/n/12.045/65 á$\OML/cmm/m/it/12.045 c$|\C70/rm/m/n/12.045/ff ^^L| \C70/rm/m/n/12.045/4e ‰ \C70/rm/m/n/12.045/7e œ \C70/rm/m/n/12.045/9a å \C70/rm/m/n/12.045/4e 
  \C70/rm/m/n/12.045/65 á \C70/rm/m/n/12.045/67 C \C70/rm/m/n/12.045/91 Õ \C70/rm/m/n/12.045/4e :$[]\OT1/cmr/m/n/12.045 (-20) (\OML/cmm/m/it/12.045 c\OT1/cmr/m/n/12.045 (-20) )$|\C70/rm/m/n/12.045/ff ^^L|
 []


Overfull \hbox (10.89015pt too wide) in paragraph at lines 218--219
\C70/rm/m/n/12.045/72 y \C70/rm/m/n/12.045/5f Å$\OML/cmm/m/it/12.045 ^^^\OT1/cmr/m/n/12.045 (-20) (\OML/cmm/m/it/12.045 c; k\OT1/cmr/m/n/12.045 (-20) ) \OMS/cmsy/m/n/12.045 2 \U/msb/m/n/12.045 R[]$|\C70/rm/m/n/12.045/30 ^^B| \C70/rm/m/n/12.045/57 ( \C70/rm/m/n/12.045/5f R \C70/rm/m/n/12.045/4e ^^@ \C70/rm/m/n/12.045/53 ^^V \C70/rm/m/n/12.045/7e ¶ \C70/rm/m/n/12.045/67 _$[][] \OML/cmm/m/it/12.045 q\OT1/cmr/m/n/12.045 (-20) (\OML/cmm/m/it/12.045 k \OMS/cmsy/m/n/12.045 j \OML/cmm/m/it/12.045 c\OT1/cmr/m/n/12.045 (-20) ) = 1$\C70/rm/m/n/12.045/53   \C70/rm/m/n/12.045/72 y \C70/rm/m/n/12.045/5f Å \C70/rm/m/n/12.045/67 ^^_ ^^[ \C70/rm/m/n/12.045/7e ¶ \C70/rm/m/n/12.045/67 _$[][] []\OT1/cmr/m/n/12.045 (-20) (\OML/cmm/m/it/12.045 c\OT1/cmr/m/n/12.045 (-20) )\OML/cmm/m/it/12.045 q\OT1/cmr/m/n/12.045 (-20) (\OML/cmm/m/it/12.045 k \OMS/cmsy/m/n/12.045 j \OML/cmm/m/it/12.045 c\OT1/cmr/m/n/12.045 (-20) )\OML/cmm/m/it/12.045 ^^^\OT1/cmr/m/n/12.045 (-20) (\OML/cmm/m/it/12.045 c; k\OT1/cmr/m/n/12.045 (-20) ) =
 []

[63] [64] [65] [66]
Underfull \hbox (badness 5260) in paragraph at lines 348--348
[]|\C70/rm/m/n/10.53937/8f l \C70/rm/m/n/10.53937/79 ˚ \C70/rm/m/n/10.53937/4e ^^N \C70/rm/m/n/10.53937/89 ¬ \C70/rm/m/n/10.53937/6d K \C70/rm/m/n/10.53937/5c @ \C70/rm/m/n/10.53937/90 Ë \C70/rm/m/n/10.53937/5f R
 []


Underfull \hbox (badness 5260) in paragraph at lines 349--349
[]|\C70/rm/m/n/10.53937/6b œ \C70/rm/m/n/10.53937/4e * \C70/rm/m/n/10.53937/52 M \C70/rm/m/n/10.53937/9a q \C70/rm/m/n/10.53937/72 ∂ \C70/rm/m/n/10.53937/60 ^^A \C70/rm/m/n/10.53937/5c @ \C70/rm/m/n/10.53937/90 Ë
 []


Underfull \hbox (badness 10000) in paragraph at lines 350--350
[]|\C70/rm/m/n/10.53937/94 ˛ \C70/rm/m/n/10.53937/5f ^^O
 []


Underfull \hbox (badness 5260) in paragraph at lines 350--350
[]|\C70/rm/m/n/10.53937/62 @ \C70/rm/m/n/10.53937/67 	 \C70/rm/m/n/10.53937/68 ^^G \C70/rm/m/n/10.53937/7b ~ \C70/rm/m/n/10.53937/8d Ô \C70/rm/m/n/10.53937/5f Ñ \C70/rm/m/n/10.53937/51 h \C70/rm/m/n/10.53937/5c @
 []


Underfull \hbox (badness 5260) in paragraph at lines 351--351
[]|\C70/rm/m/n/10.53937/51 h \C70/rm/m/n/10.53937/90 Ë \C70/rm/m/n/10.53937/91 M \C70/rm/m/n/10.53937/7f n \C70/rm/m/n/10.53937/51 h \C70/rm/m/n/10.53937/5c @ \C70/rm/m/n/10.53937/5f R \C70/rm/m/n/10.53937/4e ^^@
 []

[67]
Overfull \hbox (22.79794pt too wide) in paragraph at lines 396--397
\OT1/cmr/bx/n/12.045 (-20) Beta\C70/rm/bx/n/12.045/66 Ù \C70/rm/bx/n/12.045/65 ∞ \C70/rm/bx/n/12.045/76 Ñ \C70/rm/bx/n/12.045/5f R \C70/rm/bx/n/12.045/4e ^^@ \C70/rm/bx/n/12.045/53 ^^V \C70/rm/bx/n/12.045/4e ^^N \C70/rm/bx/n/12.045/98 Ñ \C70/rm/bx/n/12.045/6d K|\C70/rm/bx/n/12.045/30 ^^B| [] \C70/rm/m/n/12.045/5b ˘$\OML/cmm/m/it/12.045 a; b > \OT1/cmr/m/n/12.045 (-20) 0$|\C70/rm/m/n/12.045/ff ^^L| \C70/rm/m/n/12.045/51 H \C70/rm/m/n/12.045/9a å \C70/rm/m/n/12.045/5b ∆ \C70/rm/m/n/12.045/5e ¶ \C70/rm/m/n/12.045/4e :$\OML/cmm/m/it/12.045 p[]\OT1/cmr/m/n/12.045 (-20) (1 \OMS/cmsy/m/n/12.045 ^^@ \OML/cmm/m/it/12.045 p\OT1/cmr/m/n/12.045 (-20) )[]\OML/cmm/m/it/12.045 =B\OT1/cmr/m/n/12.045 (-20) (\OML/cmm/m/it/12.045 a; b\OT1/cmr/m/n/12.045 (-20) )$|\C70/rm/m/n/12.045/ff ^^L| \C70/rm/m/n/12.045/51 v \C70/rm/m/n/12.045/4e -$\OML/cmm/m/it/12.045 B\OT1/cmr/m/n/12.045 (-20) (\OML/cmm/m/it/12.045 a; b\OT1/cmr/m/n/12.045 (-20) ) =
 []

[68] [69]
Overfull \hbox (26.27698pt too wide) in paragraph at lines 469--471
\C70/rm/m/n/12.045/6b c \C70/rm/m/n/12.045/60 ^^A$\OML/cmm/m/it/12.045 q$\C70/rm/m/n/12.045/76 Ñ \C70/rm/m/n/12.045/71 µ \C70/rm/m/n/12.045/4e :$[] [][] []\OT1/cmr/m/n/12.045 (-20) (2\OML/cmm/m/it/12.045 ^^Yes[]\OT1/cmr/m/n/12.045 (-20) )$|\C70/rm/m/n/12.045/ff ^^L| \C70/rm/m/n/12.045/51 v \C70/rm/m/n/12.045/5b ˘$\OML/cmm/m/it/12.045 s[]$\C70/rm/m/n/12.045/76 Ñ \C70/rm/m/n/12.045/5b ¸ \C70/rm/m/n/12.045/65 p \C70/rm/m/n/12.045/4e :$\OT1/cmr/m/n/12.045 (-20) 1\OML/cmm/m/it/12.045 =s[]$|\C70/rm/m/n/12.045/ff ^^L| \C70/rm/m/n/12.045/4e ^^N \C70/rm/m/n/12.045/80 T \C70/rm/m/n/12.045/54 ^^H \C70/rm/m/n/12.045/5b ˘ \C70/rm/m/n/12.045/65 p \C70/rm/m/n/12.045/5b ∆ \C70/rm/m/n/12.045/5e ¶ \C70/rm/m/n/12.045/68 Ø \C70/rm/m/n/12.045/5e ¶ \C70/rm/m/n/12.045/54 ^^H \C70/rm/m/n/12.045/62 ^^P \C70/rm/m/n/12.045/5b å \C70/rm/m/n/12.045/65 t\OT1/cmr/m/n/12.045 (-20) ELBO\C70/rm/m/n/12.045/68 Ø
 []

[70]
Overfull \hbox (1.43607pt too wide) in paragraph at lines 502--504
\C70/rm/m/n/12.045/91 œ \C70/rm/m/n/12.045/4e ^^M \C70/rm/m/n/12.045/80 ˝ \C70/rm/m/n/12.045/89 „ \C70/rm/m/n/12.045/91   \C70/rm/m/n/12.045/65 p \C70/rm/m/n/12.045/63 n \C70/rm/m/n/12.045/76 Ñ \C70/rm/m/n/12.045/53 : \C70/rm/m/n/12.045/57 ﬂ \C70/rm/m/n/12.045/4f ^^Z \C70/rm/m/n/12.045/96 M \C70/rm/m/n/12.045/4f N \C70/rm/m/n/12.045/5e s \C70/rm/m/n/12.045/57 G \C70/rm/m/n/12.045/8b ¡ \C70/rm/m/n/12.045/63 n|\C70/rm/m/n/12.045/30 ^^B| \C70/rm/m/n/12.045/5b û \C70/rm/m/n/12.045/96 E \C70/rm/m/n/12.045/8b ° \C70/rm/m/n/12.045/7b ó \C70/rm/m/n/12.045/8f π \C70/rm/m/n/12.045/96 E \C70/rm/m/n/12.045/4f < \C70/rm/m/n/12.045/71 6 \C70/rm/m/n/12.045/90 ^^Z \C70/rm/m/n/12.045/5e 8 \C70/rm/m/n/12.045/56  \C70/rm/m/n/12.045/96 æ|\C70/rm/m/n/12.045/ff ^^L| \C70/rm/m/n/12.045/53 Ô \C70/rm/m/n/12.045/4f ^^? \C70/rm/m/n/12.045/75 ( \OT1/cmr/m/n/12.045 (-20) ELBO|\C70/rm/m/n/12.045/30 ^^A|
 []

[71]
Overfull \hbox (7.51913pt too wide) in paragraph at lines 553--554
\C70/rm/bx/n/12.045/63 • \C70/rm/bx/n/12.045/53 ◊ \C70/rm/bx/n/12.045/73 á \C70/rm/bx/n/12.045/4e : \C70/rm/bx/n/12.045/4f U › \C70/rm/bx/n/12.045/63 ^^A \C70/rm/bx/n/12.045/76 Ó \C70/rm/bx/n/12.045/68 ^^G \C70/rm/bx/n/12.045/52 ^^F \C70/rm/bx/n/12.045/5e ^^C|\C70/rm/bx/n/12.045/30 ^^B| [] \C70/rm/m/n/12.045/8b ∞ \C70/rm/m/n/12.045/76 Ó \C70/rm/m/n/12.045/68 ^^G \C70/rm/m/n/12.045/5b ∆ \C70/rm/m/n/12.045/5e ¶ \C70/rm/m/n/12.045/4e :$\OML/cmm/m/it/12.045 ^^Y\OT1/cmr/m/n/12.045 (-20) (\OML/cmm/m/it/12.045 ^^R\OT1/cmr/m/n/12.045 (-20) )$|\C70/rm/m/n/12.045/30 ^^B| \C70/rm/m/n/12.045/5b ˘ \C70/rm/m/n/12.045/4e ^^M \C70/rm/m/n/12.045/54 ^^L \C70/rm/m/n/12.045/72 ∂ \C70/rm/m/n/12.045/60 ^^A$\OML/cmm/m/it/12.045 ^^R; ^^R[]$|\C70/rm/m/n/12.045/ff ^^L| \OT1/cmr/m/n/12.045 (-20) Metropolis--Hastings
 []


Overfull \hbox (3.66956pt too wide) in paragraph at lines 559--561
\C70/rm/m/n/12.045/8f Ÿ \C70/rm/m/n/12.045/5c 1 \C70/rm/m/n/12.045/66 / \C70/rm/m/n/12.045/7e ∆ \C70/rm/m/n/12.045/81 Ù \C70/rm/m/n/12.045/5e s \C70/rm/m/n/12.045/88 a|\C70/rm/m/n/12.045/ff ^^[| \C70/rm/m/n/12.045/62 “ \C70/rm/m/n/12.045/7e › \C70/rm/m/n/12.045/65 ˆ \C70/rm/m/n/12.045/50 \ \C70/rm/m/n/12.045/75 Y \C70/rm/m/n/12.045/53 ü \C70/rm/m/n/12.045/4f M ^^? \C70/rm/m/n/12.045/8f l \C70/rm/m/n/12.045/79 ˚ \C70/rm/m/n/12.045/68 8 \C70/rm/m/n/12.045/76 Ñ \C70/rm/m/n/12.045/60 ; \C70/rm/m/n/12.045/69 Ç \C70/rm/m/n/12.045/73 á \C70/rm/m/n/12.045/4e : ^^@|\C70/rm/m/n/12.045/30 ^^B| \C70/rm/m/n/12.045/5b ˘ \C70/rm/m/n/12.045/5f S \C70/rm/m/n/12.045/52 M \C70/rm/m/n/12.045/72 ∂ \C70/rm/m/n/12.045/60 ^^A \C70/rm/m/n/12.045/79 Ô \C70/rm/m/n/12.045/52 ^^F \C70/rm/m/n/12.045/53 Ô \C70/rm/m/n/12.045/9a å \C70/rm/m/n/12.045/8b ¡$\OML/cmm/m/it/12.045 ^^Y$\C70/rm/m/n/12.045/4e ^^M
 []

[72]
Overfull \hbox (2.32619pt too wide) in paragraph at lines 584--585
\C70/rm/bx/n/12.045/98 Ñ \C70/rm/bx/n/12.045/6d K \C70/rm/bx/n/12.045/52 ^^F \C70/rm/bx/n/12.045/5e ^^C \C70/rm/bx/n/12.045/76 Ñ \C70/rm/bx/n/12.045/84 ô \C70/rm/bx/n/12.045/72 y \C70/rm/bx/n/12.045/53 a \C70/rm/bx/n/12.045/6d ^^[ \C70/rm/bx/n/12.045/8f — \C70/rm/bx/n/12.045/4f <|\C70/rm/bx/n/12.045/30 ^^B| [] \C70/rm/m/n/12.045/5f S \C70/rm/m/n/12.045/54 ^^N \C70/rm/m/n/12.045/9a å \C70/rm/m/n/12.045/79 Ô \C70/rm/m/n/12.045/52 ^^F \C70/rm/m/n/12.045/65 ‡ \C70/rm/m/n/12.045/6c ’ \C70/rm/m/n/12.045/89 „ \C70/rm/m/n/12.045/67 ê \C70/rm/m/n/12.045/8b ° \C70/rm/m/n/12.045/7b ó \C70/rm/m/n/12.045/65 ˆ|\C70/rm/m/n/12.045/ff ^^L| \C70/rm/m/n/12.045/53 Ô \C70/rm/m/n/12.045/4e Œ \C70/rm/m/n/12.045/54 ^^N \C70/rm/m/n/12.045/9a å \C70/rm/m/n/12.045/5f ó \C70/rm/m/n/12.045/52 0$\OML/cmm/m/it/12.045 S$\C70/rm/m/n/12.045/4e * \C70/rm/m/n/12.045/68 7 \C70/rm/m/n/12.045/67 ,$\OML/cmm/m/it/12.045 ^^R[]$|\C70/rm/m/n/12.045/ff ^^L|
 []

[73]
Overfull \hbox (50.29198pt too wide) in paragraph at lines 612--613
\C70/rm/bx/n/12.045/5c ^^O \C70/rm/bx/n/12.045/68 7 \C70/rm/bx/n/12.045/67 , \C70/rm/bx/n/12.045/65 E \C70/rm/bx/n/12.045/96 ú \C70/rm/bx/n/12.045/73 á \C70/rm/bx/n/12.045/76 Ñ \C70/rm/bx/n/12.045/54 ^^N \C70/rm/bx/n/12.045/9a å \C70/rm/bx/n/12.045/51 ≥ \C70/rm/bx/n/12.045/7b V|\C70/rm/bx/n/12.045/30 ^^B| [] \C70/rm/m/n/12.045/67 – \C70/rm/m/n/12.045/8b æ \C70/rm/m/n/12.045/59 ^^G \C70/rm/m/n/12.045/57 ( \C70/rm/m/n/12.045/65 ∞ \C70/rm/m/n/12.045/5d Â \C70/rm/m/n/12.045/51 µ \C70/rm/m/n/12.045/4e  \C70/rm/m/n/12.045/8f – \C70/rm/m/n/12.045/88 L$\OT1/cmr/m/n/12.045 (-20) 20$\C70/rm/m/n/12.045/6b !|\C70/rm/m/n/12.045/ff ^^L| \C70/rm/m/n/12.045/89 ¬ \C70/rm/m/n/12.045/5b ﬂ \C70/rm/m/n/12.045/52 0$\OT1/cmr/m/n/12.045 (-20) 2$\C70/rm/m/n/12.045/6b ! \C70/rm/m/n/12.045/5f ^^B \C70/rm/m/n/12.045/5e 8|\C70/rm/m/n/12.045/30 ^^B| \C70/rm/m/n/12.045/82 Â \C70/rm/m/n/12.045/91 « \C70/rm/m/n/12.045/75 ($[]\OT1/cmr/m/n/12.045 (-20) (1\OML/cmm/m/it/12.045 ; \OT1/cmr/m/n/12.045 (-20) 9)$\C70/rm/m/n/12.045/51 H
 []


Overfull \hbox (15.86214pt too wide) in paragraph at lines 621--622
\C70/rm/bx/n/12.045/56 ﬁ \C70/rm/bx/n/12.045/5f R \C70/rm/bx/n/12.045/98 Ñ \C70/rm/bx/n/12.045/6d K \C70/rm/bx/n/12.045/53 : \C70/rm/bx/n/12.045/95 Ù \C70/rm/bx/n/12.045/76 Ñ \C70/rm/bx/n/12.045/89 Ü \C70/rm/bx/n/12.045/76 ÷ \C70/rm/bx/n/12.045/5b û \C70/rm/bx/n/12.045/9a å|\C70/rm/bx/n/12.045/30 ^^B| [] \C70/rm/m/n/12.045/50 G \C70/rm/m/n/12.045/8b æ \C70/rm/m/n/12.045/6a ! \C70/rm/m/n/12.045/57 ã \C70/rm/m/n/12.045/5b ˘ \C70/rm/m/n/12.045/6b œ \C70/rm/m/n/12.045/53  \C70/rm/m/n/12.045/8b æ \C70/rm/m/n/12.045/59 ^^G \C70/rm/m/n/12.045/8f ì \C70/rm/m/n/12.045/51 ˙ \C70/rm/m/n/12.045/57 G \C70/rm/m/n/12.045/50 <$\OML/cmm/m/it/12.045 ^^V[]$\C70/rm/m/n/12.045/54 å \C70/rm/m/n/12.045/68 ^^G \C70/rm/m/n/12.045/51 ∆ \C70/rm/m/n/12.045/5d Ó$\OML/cmm/m/it/12.045 ^^[[]$|\C70/rm/m/n/12.045/ff ^^L| \C70/rm/m/n/12.045/67 Ñ \C70/rm/m/n/12.045/90   \C70/rm/m/n/12.045/53 : \C70/rm/m/n/12.045/95 Ù$\OT1/cmr/m/n/12.045 (-20) [\OML/cmm/m/it/12.045 ^^V[] \OMS/cmsy/m/n/12.045 ^^@
 []

[74]) [75]
\openout2 = `chapters/05-parametric-nonparametric.aux'.

 (./chapters/05-parametric-nonparametric.tex
Á¨¨ÂçÅÁ´†

Overfull \hbox (24.92935pt too wide) in paragraph at lines 21--23
\C70/rm/m/n/12.045/58 û \C70/rm/m/n/12.045/59 '$\OML/cmm/m/it/12.045 k$\C70/rm/m/n/12.045/96 M \C70/rm/m/n/12.045/4f N \C70/rm/m/n/12.045/56 j \C70/rm/m/n/12.045/58  \C70/rm/m/n/12.045/65 π \C70/rm/m/n/12.045/5d Ó|\C70/rm/m/n/12.045/ff ^^L| \C70/rm/m/n/12.045/53 t \C70/rm/m/n/12.045/62 i \C70/rm/m/n/12.045/59 ' \C70/rm/m/n/12.045/90 ª \C70/rm/m/n/12.045/57 ﬂ \C70/rm/m/n/12.045/50 O \C70/rm/m/n/12.045/5d Ó|\C70/rm/m/n/12.045/30 ^^B| \C70/rm/m/n/12.045/82 Â \C70/rm/m/n/12.045/5c @ \C70/rm/m/n/12.045/90 Ë \C70/rm/m/n/12.045/5b ∆ \C70/rm/m/n/12.045/5e ¶ \C70/rm/m/n/12.045/4e : \C70/rm/m/n/12.045/6b c \C70/rm/m/n/12.045/4e ^^T \C70/rm/m/n/12.045/89 ƒ \C70/rm/m/n/12.045/52 ^^Y|\C70/rm/m/n/12.045/ff ^^L| \C70/rm/m/n/12.045/51 x \C70/rm/m/n/12.045/57 ã \C70/rm/m/n/12.045/53 J \C70/rm/m/n/12.045/5f Ñ \C70/rm/m/n/12.045/91 œ \C70/rm/m/n/12.045/7e ß \C70/rm/m/n/12.045/4e :$\OT1/cmr/m/n/12.045 (-20) (\OML/cmm/m/it/12.045 k=n\OT1/cmr/m/n/12.045 (-20) )[]$|\C70/rm/m/n/12.045/ff ^^L|
 []

[76




]
Overfull \hbox (16.75641pt too wide) in paragraph at lines 49--51
\C70/rm/m/n/12.045/8f Ÿ \C70/rm/m/n/12.045/91 Ã$\OML/cmm/m/it/12.045 X$\C70/rm/m/n/12.045/76 Ñ$\OML/cmm/m/it/12.045 n$\C70/rm/m/n/12.045/88 L \C70/rm/m/n/12.045/52 ^^F + \C70/rm/m/n/12.045/4e : \C70/rm/m/n/12.045/8b ≠ \C70/rm/m/n/12.045/7e √ \C70/rm/m/n/12.045/8f ì \C70/rm/m/n/12.045/51 e \C70/rm/m/n/12.045/76 Ñ \C70/rm/m/n/12.045/8f l \C70/rm/m/n/12.045/7f n|\C70/rm/m/n/12.045/ff ^^L| $\OML/cmm/m/it/12.045 y \OMS/cmsy/m/n/12.045 2 \U/msb/m/n/12.045 R[]$\C70/rm/m/n/12.045/4e : \C70/rm/m/n/12.045/89 ¬ \C70/rm/m/n/12.045/6d K \C70/rm/m/n/12.045/52 ^^W \C70/rm/m/n/12.045/54 ^^Q \C70/rm/m/n/12.045/91 œ|\C70/rm/m/n/12.045/ff ^^L| $\OML/cmm/m/it/12.045 m$\C70/rm/m/n/12.045/4e : \C70/rm/m/n/12.045/51 H \C70/rm/m/n/12.045/9a å \C70/rm/m/n/12.045/57 G \C70/rm/m/n/12.045/50 < \C70/rm/m/n/12.045/51 ˝ \C70/rm/m/n/12.045/65 p|\C70/rm/m/n/12.045/ff ^^L| $\OML/cmm/m/it/12.045 m\OT1/cmr/m/n/12.045 (-20) (\OML/cmm/m/it/12.045 X\OT1/cmr/m/n/12.045 (-20) ) =
 []

[77]
Overfull \hbox (80.29669pt too wide) in paragraph at lines 90--91
\C70/rm/bx/n/12.045/4e ¿ H \C70/rm/bx/n/12.045/76 ¯ \C70/rm/bx/n/12.045/4f < \C70/rm/bx/n/12.045/60 ' \C70/rm/bx/n/12.045/53 Ô \C70/rm/bx/n/12.045/4e Â \C70/rm/bx/n/12.045/62 ^^P \C70/rm/bx/n/12.045/4e : \C70/rm/bx/n/12.045/68 8|\C70/rm/bx/n/12.045/30 ^^B| [] \C70/rm/m/n/12.045/54 ^^H \C70/rm/m/n/12.045/6c ’ \C70/rm/m/n/12.045/5b û \C70/rm/m/n/12.045/50 < \C70/rm/m/n/12.045/68 8 \C70/rm/m/n/12.045/5f ≈ \C70/rm/m/n/12.045/98 { \C70/rm/m/n/12.045/5b ˘ \C70/rm/m/n/12.045/79 |\C70/rm/m/n/12.045/ff ^^L| \C70/rm/m/n/12.045/5e v \C70/rm/m/n/12.045/5b ˘ \C70/rm/m/n/12.045/4e ˚ \C70/rm/m/n/12.045/61 ^^O \C70/rm/m/n/12.045/67 	 \C70/rm/m/n/12.045/96 P \C70/rm/m/n/12.045/8f ì \C70/rm/m/n/12.045/51 e \C70/rm/m/n/12.045/54 å$\OML/cmm/m/it/12.045 a \OMS/cmsy/m/n/12.045 2 \U/msb/m/n/12.045 R[]$\C70/rm/m/n/12.045/6e · \C70/rm/m/n/12.045/8d ≥$[][] \OML/cmm/m/it/12.045 a[]a[]k\OT1/cmr/m/n/12.045 (-20) (\OML/cmm/m/it/12.045 x[]; x[]\OT1/cmr/m/n/12.045 (-20) ) \OMS/cmsy/m/n/12.045 ^^U
 []

[78]
Overfull \hbox (9.21437pt too wide) in paragraph at lines 102--104
\C70/rm/m/n/12.045/62 ä$\OML/cmm/m/it/12.045 f$\C70/rm/m/n/12.045/6b c \C70/rm/m/n/12.045/4e § \C70/rm/m/n/12.045/52 ^^F \C70/rm/m/n/12.045/89 „ \C70/rm/m/n/12.045/4e : \C70/rm/m/n/12.045/8b ≠ \C70/rm/m/n/12.045/7e √ \C70/rm/m/n/12.045/68 8 \C70/rm/m/n/12.045/51 ˝ \C70/rm/m/n/12.045/65 p \C70/rm/m/n/12.045/5f   \C70/rm/m/n/12.045/62 ^^P \C70/rm/m/n/12.045/7a z \C70/rm/m/n/12.045/95 Ù \C70/rm/m/n/12.045/4e - \C70/rm/m/n/12.045/76 Ñ$\OML/cmm/m/it/12.045 f[]$\C70/rm/m/n/12.045/4e ^^N$\OML/cmm/m/it/12.045 f[]$|\C70/rm/m/n/12.045/30 ^^B| \C70/rm/m/n/12.045/51 ç \C70/rm/m/n/12.045/75 ^^_ \C70/rm/m/n/12.045/60 ' \C70/rm/m/n/12.045/8d ( \C70/rm/m/n/12.045/7e Ÿ \C70/rm/m/n/12.045/51 ˙$\OML/cmm/m/it/12.045 f[]\OT1/cmr/m/n/12.045 (-20) (\OML/cmm/m/it/12.045 x[]\OT1/cmr/m/n/12.045 (-20) ) = 0$|\C70/rm/m/n/12.045/ff ^^L| \C70/rm/m/n/12.045/65 E \C70/rm/m/n/12.045/53 ª \C70/rm/m/n/12.045/63 â$\OML/cmm/m/it/12.045 f[]$\C70/rm/m/n/12.045/4e ^^M
 []


Overfull \hbox (24.3651pt too wide) in paragraph at lines 125--127
\C70/rm/m/n/12.045/7e Ÿ \C70/rm/m/n/12.045/4e $ \C70/rm/m/n/12.045/7e ƒ \C70/rm/m/n/12.045/4e ^^M \C70/rm/m/n/12.045/7b I \C70/rm/m/n/12.045/5f ^^O \C70/rm/m/n/12.045/52 † \C70/rm/m/n/12.045/51 e \C70/rm/m/n/12.045/4e X \C70/rm/m/n/12.045/5b P$\OML/cmm/m/it/12.045 []; ^^V[] \OMS/cmsy/m/n/12.045 ^^U \OT1/cmr/m/n/12.045 (-20) 0$|\C70/rm/m/n/12.045/30 ^^B| \C70/rm/m/n/12.045/5b ˘$\OML/cmm/m/it/12.045 w; b; ^^X[]$\C70/rm/m/n/12.045/76 Ñ \C70/rm/m/n/12.045/9a { \C70/rm/m/n/12.045/70 π \C70/rm/m/n/12.045/67 a \C70/rm/m/n/12.045/4e ˆ \C70/rm/m/n/12.045/52 ^^F + \C70/rm/m/n/12.045/4e :$\OML/cmm/m/it/12.045 w \OT1/cmr/m/n/12.045 (-20) = [][] \OML/cmm/m/it/12.045 []y[]^^^\OT1/cmr/m/n/12.045 (-20) (\OML/cmm/m/it/12.045 x[]\OT1/cmr/m/n/12.045 (-20) )$|\C70/rm/m/n/12.045/30 ^^A| $[][] \OML/cmm/m/it/12.045 []y[] \OT1/cmr/m/n/12.045 (-20) =
 []

[79] [80]
Overfull \hbox (7.11348pt too wide) in paragraph at lines 180--181
\C70/rm/bx/n/12.045/96 è \C70/rm/bx/n/12.045/67 : \C70/rm/bx/n/12.045/72 y \C70/rm/bx/n/12.045/5f Å \C70/rm/bx/n/12.045/76 Ñ \C70/rm/bx/n/12.045/53 Ê \C70/rm/bx/n/12.045/4e ^^@ \C70/rm/bx/n/12.045/8d Ô \C70/rm/bx/n/12.045/8f — \C70/rm/bx/n/12.045/4f <|\C70/rm/bx/n/12.045/30 ^^B| [] \C70/rm/m/n/12.045/5b ˘ \C70/rm/m/n/12.045/90 ^^B \C70/rm/m/n/12.045/5f S \C70/rm/m/n/12.045/76 Ñ \C70/rm/m/n/12.045/5e s \C70/rm/m/n/12.045/7a 3 \C70/rm/m/n/12.045/6b c \C70/rm/m/n/12.045/5b ö \C70/rm/m/n/12.045/68 8|\C70/rm/m/n/12.045/ff ^^L| \C70/rm/m/n/12.045/53 Ô \C70/rm/m/n/12.045/5c ^^F \C70/rm/m/n/12.045/68 8 \C70/rm/m/n/12.045/51 ô \C70/rm/m/n/12.045/4e : \C70/rm/m/n/12.045/98 ë \C70/rm/m/n/12.045/73 á \C70/rm/m/n/12.045/52 ^^F \C70/rm/m/n/12.045/5e ^^C \C70/rm/m/n/12.045/4e $\U/msb/m/n/12.045 E[] []\OT1/cmr/m/n/12.045 (-20) (\OML/cmm/m/it/12.045 ![]\OT1/cmr/m/n/12.045 (-20) (\OML/cmm/m/it/12.045 x \OMS/cmsy/m/n/12.045 ^^@
 []

[81]) [82] [83



] [84]
\openout2 = `chapters/06-sequence.aux'.

 (./chapters/06-sequence.tex
Á¨¨ÂçÅ‰∏ÄÁ´†

Overfull \hbox (2.68309pt too wide) in paragraph at lines 10--31
\C70/rm/m/n/12.045/65 π \C70/rm/m/n/12.045/5d Ó\OT1/cmr/m/n/12.045 (-20) [[]]|\C70/rm/m/n/12.045/ff ^^[| \C70/rm/m/n/12.045/4e å \C70/rm/m/n/12.045/80 ^^E \C70/rm/m/n/12.045/4e ^^M \C70/rm/m/n/12.045/80 ˝ \C70/rm/m/n/12.045/56 ‡ \C70/rm/m/n/12.045/4e : \C70/rm/m/n/12.045/90 ˝ \C70/rm/m/n/12.045/67 	 \C70/rm/m/n/12.045/96 ê \C70/rm/m/n/12.045/72 ∂ \C70/rm/m/n/12.045/60 ^^A \C70/rm/m/n/12.045/5c 1 \C70/rm/m/n/12.045/88 ´ \C70/rm/m/n/12.045/89 ∆ \C70/rm/m/n/12.045/4e : \C70/rm/m/n/12.045/76 ¯ \C70/rm/m/n/12.045/54 ^^L \C70/rm/m/n/12.045/76 Ñ \C70/rm/m/n/12.045/63 ® \C70/rm/m/n/12.045/65 ≠ π \C70/rm/m/n/12.045/6c ’|\C70/rm/m/n/12.045/30 ^^B| \C70/rm/m/n/12.045/5e è \C70/rm/m/n/12.045/52 ^^W \C70/rm/m/n/12.045/65 p \C70/rm/m/n/12.045/63 n$\OT1/cmr/m/n/12.045 (-20) (\OML/cmm/m/it/12.045 x[]; [] ; x[]\OT1/cmr/m/n/12.045 (-20) )$\C70/rm/m/n/12.045/51 w
 []

[85


] [86]
Overfull \hbox (13.93039pt too wide) in paragraph at lines 74--76
\C70/rm/m/n/12.045/50 <$\OML/cmm/m/it/12.045 e[]$\C70/rm/m/n/12.045/62 @ \C70/rm/m/n/12.045/97 ^^@ \C70/rm/m/n/12.045/6b e \C70/rm/m/n/12.045/65 p \C70/rm/m/n/12.045/4e :$\OMS/cmsy/m/n/12.045 ^^@\OT1/cmr/m/n/12.045 (-20) 1\OML/cmm/m/it/12.045 = [] f$|\C70/rm/m/n/12.045/30 ^^B| \C70/rm/m/n/12.045/8f Ÿ \C70/rm/m/n/12.045/89 „ \C70/rm/m/n/12.045/91   \C70/rm/m/n/12.045/4e Ü \C70/rm/m/n/12.045/95 Ë \C70/rm/m/n/12.045/50 < \C70/rm/m/n/12.045/4e ^^N \C70/rm/m/n/12.045/8b ∞ \C70/rm/m/n/12.045/5f ∆ \C70/rm/m/n/12.045/65 ˆ \C70/rm/m/n/12.045/95 Ù \C70/rm/m/n/12.045/5c : \C70/rm/m/n/12.045/5e ¶ \C70/rm/m/n/12.045/76 Ñ \C70/rm/m/n/12.045/51 s \C70/rm/m/n/12.045/7c ˚|\C70/rm/m/n/12.045/ff ^^L| \C70/rm/m/n/12.045/4f F \C70/rm/m/n/12.045/4e ^^M \C70/rm/m/n/12.045/66 / \C70/rm/m/n/12.045/5b å \C70/rm/m/n/12.045/65 t\OT1/cmr/m/n/12.045 (-20) Jacobian|\C70/rm/m/n/12.045/ff ^^Z|
 []

[87]
Overfull \hbox (27.7346pt too wide) in paragraph at lines 118--119
\C70/rm/bx/n/12.045/7f ) \C70/rm/bx/n/12.045/65 >|\C70/rm/bx/n/12.045/30 ^^A| \C70/rm/bx/n/12.045/5f R \C70/rm/bx/n/12.045/4e ^^@ \C70/rm/bx/n/12.045/53 ^^V \C70/rm/bx/n/12.045/4e ^^N \C70/rm/bx/n/12.045/8b ø \C70/rm/bx/n/12.045/95 Ó \C70/rm/bx/n/12.045/62 ^^P \C70/rm/bx/n/12.045/67 , \C70/rm/bx/n/12.045/76 Ñ \C70/rm/bx/n/12.045/63 ® \C70/rm/bx/n/12.045/5b ¸|\C70/rm/bx/n/12.045/30 ^^B| [] \C70/rm/m/n/12.045/91 « \C70/rm/m/n/12.045/75 ( \C70/rm/m/n/12.045/90 ^^P \C70/rm/m/n/12.045/88 L \C70/rm/m/n/12.045/5b X \C70/rm/m/n/12.045/65 > \C70/rm/m/n/12.045/4f M \C70/rm/m/n/12.045/7f n \C70/rm/m/n/12.045/88 h \C70/rm/m/n/12.045/79 : \C70/rm/m/n/12.045/76 Ñ \C70/rm/m/n/12.045/7e ¶ \C70/rm/m/n/12.045/5b ö|\C70/rm/m/n/12.045/ff ^^L| $\OML/cmm/m/it/12.045 X \OMS/cmsy/m/n/12.045 2 \U/msb/m/n/12.045 R[]$|\C70/rm/m/n/12.045/30 ^^A| $\OML/cmm/m/it/12.045 W[]; W[] \OMS/cmsy/m/n/12.045 2
 []


Overfull \hbox (61.41568pt too wide) in paragraph at lines 126--128
\C70/rm/m/n/12.045/5f S \C70/rm/m/n/12.045/4e ^^@ * \C70/rm/m/n/12.045/67 C \C70/rm/m/n/12.045/91 Õ \C70/rm/m/n/12.045/5d Ú \C70/rm/m/n/12.045/63 • \C70/rm/m/n/12.045/8f — \C70/rm/m/n/12.045/4e ^^@ \C70/rm/m/n/12.045/65 ˆ|\C70/rm/m/n/12.045/ff ^^L| \C70/rm/m/n/12.045/51 v \C70/rm/m/n/12.045/4f Y \C70/rm/m/n/12.045/67 C \C70/rm/m/n/12.045/91 Õ \C70/rm/m/n/12.045/53   \C70/rm/m/n/12.045/59 ' \C70/rm/m/n/12.045/91 œ \C70/rm/m/n/12.045/5b ¸ \C70/rm/m/n/12.045/65 p \C70/rm/m/n/12.045/63 • \C70/rm/m/n/12.045/8f — \C70/rm/m/n/12.045/96 ˆ|\C70/rm/m/n/12.045/ff ^^L| \C70/rm/m/n/12.045/6a ! \C70/rm/m/n/12.045/57 ã \C70/rm/m/n/12.045/4f ø \C70/rm/m/n/12.045/96 æ \C70/rm/m/n/12.045/4e Â \C70/rm/m/n/12.045/8c ^^C \C70/rm/m/n/12.045/65 t \C70/rm/m/n/12.045/8b ø \C70/rm/m/n/12.045/95 Ó \C70/rm/m/n/12.045/5b ˘ \C70/rm/m/n/12.045/8c a|\C70/rm/m/n/12.045/30 ^^B| \OT1/cmr/m/n/12.045 (-20) softmax\C70/rm/m/n/12.045/4f ^^?$\OML/cmm/m/it/12.045 a[] \OMS/cmsy/m/n/12.045 ^^U
 []

[88]
Overfull \hbox (1.63242pt too wide) in paragraph at lines 142--143
\C70/rm/m/n/12.045/98 Ñ \C70/rm/m/n/12.045/6d K \C70/rm/m/n/12.045/56 h \C70/rm/m/n/12.045/90 ^^R \C70/rm/m/n/12.045/5f R \C70/rm/m/n/12.045/4f ^^? \C70/rm/m/n/12.045/75 ($[] \OT1/cmr/m/n/12.045 (-20) = \OML/cmm/m/it/12.045 f[]\OT1/cmr/m/n/12.045 (-20) ([])$|\C70/rm/m/n/12.045/ff ^^L| \C70/rm/m/n/12.045/52 ^^] \C70/rm/m/n/12.045/50 <$[] \OT1/cmr/m/n/12.045 (-20) = \OML/cmm/m/it/12.045 x[]$|\C70/rm/m/n/12.045/30 ^^B| \C70/rm/m/n/12.045/50 G \C70/rm/m/n/12.045/8b æ \C70/rm/m/n/12.045/57 ( \C70/rm/m/n/12.045/62 @ \C70/rm/m/n/12.045/80 ^^C \C70/rm/m/n/12.045/5b ﬂ \C70/rm/m/n/12.045/53 : \C70/rm/m/n/12.045/57 ﬂ|\C70/rm/m/n/12.045/ff ^^L| $\OML/cmm/m/it/12.045 f[]$\C70/rm/m/n/12.045/4e :$\OML/cmm/m/it/12.045 L$\OT1/cmr/m/n/12.045 (-20) -Lipschitz|\C70/rm/m/n/12.045/ff ^^L|
 []

[89]
Overfull \hbox (11.84262pt too wide) in paragraph at lines 172--173
\C70/rm/m/n/12.045/75 ( \C70/rm/m/n/12.045/81 Í \C70/rm/m/n/12.045/76 ¯ \C70/rm/m/n/12.045/51 s \C70/rm/m/n/12.045/67 : \C70/rm/m/n/12.045/52 6 \C70/rm/m/n/12.045/5b ˚ \C70/rm/m/n/12.045/62 ~ \C70/rm/m/n/12.045/54 h \C70/rm/m/n/12.045/67 ^^_ \C70/rm/m/n/12.045/6a ! \C70/rm/m/n/12.045/5f ^^O|\C70/rm/m/n/12.045/ff ^^[| \OT1/cmr/m/n/12.045 (-20) FEDformer \C70/rm/m/n/12.045/57 ( \C70/rm/m/n/12.045/98 ë \C70/rm/m/n/12.045/57 ﬂ \C70/rm/m/n/12.045/62 ^^V \C70/rm/m/n/12.045/4f N \C70/rm/m/n/12.045/79 È \C70/rm/m/n/12.045/7e ” \C70/rm/m/n/12.045/67 Ñ \C70/rm/m/n/12.045/4e - \C70/rm/m/n/12.045/8f € \C70/rm/m/n/12.045/88 L \C70/rm/m/n/12.045/51 h \C70/rm/m/n/12.045/5c @ \C70/rm/m/n/12.045/5e ˙ \C70/rm/m/n/12.045/6a !|\C70/rm/m/n/12.045/ff ^^[| \OT1/cmr/m/n/12.045 (-20) PatchTST
 []


Overfull \hbox (5.47282pt too wide) in paragraph at lines 193--193
[]|\OT1/cmr/m/n/7.52812 (-20) PatchTST/Informer| 
 []

[90]
Overfull \hbox (25.56581pt too wide) in paragraph at lines 225--226
\C70/rm/bx/n/12.045/5e è \C70/rm/bx/n/12.045/52 ^^W \C70/rm/bx/n/12.045/6a ! \C70/rm/bx/n/12.045/57 ã \C70/rm/bx/n/12.045/5b û \C70/rm/bx/n/12.045/9a å \C70/rm/bx/n/12.045/77 È \C70/rm/bx/n/12.045/96 5|\C70/rm/bx/n/12.045/30 ^^B| [] \C70/rm/m/n/12.045/81 Û \C70/rm/m/n/12.045/5c ^^Q \C70/rm/m/n/12.045/5e î \C70/rm/m/n/12.045/6b ‘ \C70/rm/m/n/12.045/8f É|\C70/rm/m/n/12.045/ff ^^Z| \C70/rm/m/n/12.045/63 ^^A \C70/rm/m/n/12.045/4e E \C70/rm/m/n/12.045/60 ' \C70/rm/m/n/12.045/62 ^^V \C70/rm/m/n/12.045/5b c \C70/rm/m/n/12.045/82 Ç \C70/rm/m/n/12.045/60 ' \C70/rm/m/n/12.045/57 ˙ \C70/rm/m/n/12.045/7e ø|\C70/rm/m/n/12.045/30 ^^A| \C70/rm/m/n/12.045/7e ø \C70/rm/m/n/12.045/60 ' \C70/rm/m/n/12.045/6a ! \C70/rm/m/n/12.045/57 ã|\C70/rm/m/n/12.045/30 ^^A| \C70/rm/m/n/12.045/68 ^^Q \C70/rm/m/n/12.045/6a ! \C70/rm/m/n/12.045/57 ã|\C70/rm/m/n/12.045/30 ^^A| \OT1/cmr/m/n/12.045 (-20) RNN/TCN
 []

[91] [92] [93] [94] [95]) [96]
\openout2 = `chapters/07-vision.aux'.

 (./chapters/07-vision.tex
Á¨¨ÂçÅ‰∫åÁ´†

Overfull \hbox (7.98294pt too wide) in paragraph at lines 33--34
\C70/rm/bx/n/12.045/53 w \C70/rm/bx/n/12.045/79 Ô \C70/rm/bx/n/12.045/76 Ñ \C70/rm/bx/n/12.045/7d " \C70/rm/bx/n/12.045/5f ^^U|\C70/rm/bx/n/12.045/30 ^^A| \C70/rm/bx/n/12.045/53 ¬ \C70/rm/bx/n/12.045/65 p \C70/rm/bx/n/12.045/4e ^^N \C70/rm/bx/n/12.045/7b I \C70/rm/bx/n/12.045/53 ÿ \C70/rm/bx/n/12.045/60 '|\C70/rm/bx/n/12.045/30 ^^B| [] \C70/rm/m/n/12.045/8b æ \C70/rm/m/n/12.045/8f ì \C70/rm/m/n/12.045/51 e$\OML/cmm/m/it/12.045 X \OMS/cmsy/m/n/12.045 2 \U/msb/m/n/12.045 R[]$|\C70/rm/m/n/12.045/ff ^^L| \C70/rm/m/n/12.045/65 π \C70/rm/m/n/12.045/5f b \C70/rm/m/n/12.045/68 8 \C70/rm/m/n/12.045/59 ' \C70/rm/m/n/12.045/5c ^^O$\OML/cmm/m/it/12.045 k$|\C70/rm/m/n/12.045/ff ^^L| \C70/rm/m/n/12.045/8f ì \C70/rm/m/n/12.045/51 ˙ \C70/rm/m/n/12.045/90 ^^Z S \C70/rm/m/n/12.045/65 p$\OML/cmm/m/it/12.045 C[]$|\C70/rm/m/n/12.045/ff ^^L|
 []

[97




] [98]
Overfull \hbox (17.81738pt too wide) in paragraph at lines 74--74
[]|\OT1/cmr/m/n/7.52812 (-20) MobileNet/EfficientNet| 
 []


Overfull \hbox (4.15825pt too wide) in paragraph at lines 85--86
\C70/rm/m/n/12.045/76 Ù \C70/rm/m/n/12.045/63 • \C70/rm/m/n/12.045/98 y$\OML/cmm/m/it/12.045 I$|\C70/rm/m/n/12.045/ff ^^L| \C70/rm/m/n/12.045/56 ‡ \C70/rm/m/n/12.045/6b d ‘ \C70/rm/m/n/12.045/8f ﬁ \C70/rm/m/n/12.045/7e Ì \C70/rm/m/n/12.045/76 ¯ \C70/rm/m/n/12.045/4e X \C70/rm/m/n/12.045/76 Ñ \C70/rm/m/n/12.045/7e Ø \C70/rm/m/n/12.045/53 ÿ \C70/rm/m/n/12.045/63 b \C70/rm/m/n/12.045/66 Ù \C70/rm/m/n/12.045/5b π \C70/rm/m/n/12.045/66 ^^S \C70/rm/m/n/12.045/6c ø \C70/rm/m/n/12.045/6d Ò \C70/rm/m/n/12.045/5c B \C70/rm/m/n/12.045/4f   \C70/rm/m/n/12.045/64 ≠|\C70/rm/m/n/12.045/30 ^^B| \C70/rm/m/n/12.045/6b ã \C70/rm/m/n/12.045/5d Ó \C70/rm/m/n/12.045/8f ﬁ \C70/rm/m/n/12.045/63 • \C70/rm/m/n/12.045/4e _ \C70/rm/m/n/12.045/62 ^^P \C70/rm/m/n/12.045/4e :\OT1/cmr/m/n/12.045 (-20) Transformer\C70/rm/m/n/12.045/54 å
 []

[99] [100]
Overfull \hbox (59.28836pt too wide) in paragraph at lines 125--126
\C70/rm/bx/n/12.045/4e Œ \C70/rm/bx/n/12.045/51 ‡ \C70/rm/bx/n/12.045/4f U \C70/rm/bx/n/12.045/68 F \C70/rm/bx/n/12.045/52 0 \C70/rm/bx/n/12.045/53 Ô \C70/rm/bx/n/12.045/8b ≠ \C70/rm/bx/n/12.045/7e √ \C70/rm/bx/n/12.045/76 Ñ \C70/rm/bx/n/12.045/56 ﬁ \C70/rm/bx/n/12.045/5f R \C70/rm/bx/n/12.045/76 Ó \C70/rm/bx/n/12.045/68 ^^G|\C70/rm/bx/n/12.045/30 ^^B| [] \C70/rm/m/n/12.045/8b æ \C70/rm/m/n/12.045/53 ¬ \C70/rm/m/n/12.045/80 ^^C \C70/rm/m/n/12.045/68 F \C70/rm/m/n/12.045/4e - \C70/rm/m/n/12.045/5f √ \C70/rm/m/n/12.045/53   \C70/rm/m/n/12.045/5b Ω \C70/rm/m/n/12.045/9a ÿ \C70/rm/m/n/12.045/4e :$\OT1/cmr/m/n/12.045 (-20) (\OML/cmm/m/it/12.045 a[]; a[]; a[]; a[]\OT1/cmr/m/n/12.045 (-20) )$|\C70/rm/m/n/12.045/ff ^^L| \C70/rm/m/n/12.045/77 ^^_ \C70/rm/m/n/12.045/5b û \C70/rm/m/n/12.045/68 F \C70/rm/m/n/12.045/4e :$\OT1/cmr/m/n/12.045 (-20) (\OML/cmm/m/it/12.045 g[]; g[]; g[]; g[]\OT1/cmr/m/n/12.045 (-20) )$|\C70/rm/m/n/12.045/ff ^^L|
 []

[101] [102] [103] [104] [105] [106]
Overfull \hbox (33.65887pt too wide) in paragraph at lines 273--274
[]\C70/rm/m/n/12.045/5c ^^Q \C70/rm/m/n/12.045/68 7 \C70/rm/m/n/12.045/67 , \C70/rm/m/n/12.045/90 ^^B \C70/rm/m/n/12.045/91 M \C70/rm/m/n/12.045/4e ^^M \C70/rm/m/n/12.045/5e î \C70/rm/m/n/12.045/53 Í \C70/rm/m/n/12.045/6b ‘ \C70/rm/m/n/12.045/8f É \C70/rm/m/n/12.045/51 ∆ \C70/rm/m/n/12.045/78 n \C70/rm/m/n/12.045/73 á|\C70/rm/m/n/12.045/30 ^^B| \C70/rm/m/n/12.045/65 ∞ \C70/rm/m/n/12.045/76 ¯ \C70/rm/m/n/12.045/67 : \C70/rm/m/n/12.045/53 Í \C70/rm/m/n/12.045/67 	 \C70/rm/m/n/12.045/5c ^^Q \C70/rm/m/n/12.045/91 œ \C70/rm/m/n/12.045/68 ^^G \C70/rm/m/n/12.045/6c Ë \C70/rm/m/n/12.045/65 ˆ|\C70/rm/m/n/12.045/ff ^^L| \C70/rm/m/n/12.045/53 Ô \C70/rm/m/n/12.045/4e Â \C70/rm/m/n/12.045/51 ª \C70/rm/m/n/12.045/7e ” \OT1/cmr/m/n/12.045 (-20) ResNet|\C70/rm/m/n/12.045/30 ^^A| \OT1/cmr/m/n/12.045 (-20) ConvNeXt|\C70/rm/m/n/12.045/30 ^^A|
 []

) [107]
\openout2 = `chapters/08-llm.aux'.

 (./chapters/08-llm.tex
Á¨¨ÂçÅ‰∏âÁ´†
[108




]
Overfull \hbox (8.88991pt too wide) in paragraph at lines 23--25
\C70/rm/m/n/12.045/56 ‡ \C70/rm/m/n/12.045/80 ^^L \C70/rm/m/n/12.045/68 Ø \C70/rm/m/n/12.045/5e ¶ \C70/rm/m/n/12.045/62 ä \C70/rm/m/n/12.045/77 ^^_ \C70/rm/m/n/12.045/5b û\OT1/cmr/m/n/12.045 (-20) token\C70/rm/m/n/12.045/76 Ñ \C70/rm/m/n/12.045/69 Ç \C70/rm/m/n/12.045/73 á \C70/rm/m/n/12.045/54 ^^Q \C70/rm/m/n/12.045/4e 
 \C70/rm/m/n/12.045/63 ®|\C70/rm/m/n/12.045/ff ^^L| \C70/rm/m/n/12.045/62 ä \C70/rm/m/n/12.045/51 v \C70/rm/m/n/12.045/4f Y \C70/rm/m/n/12.045/69 Ç \C70/rm/m/n/12.045/73 á \C70/rm/m/n/12.045/63 	 \C70/rm/m/n/12.045/5f S \C70/rm/m/n/12.045/52 M \C70/rm/m/n/12.045/8d ( \C70/rm/m/n/12.045/91 œ \C70/rm/m/n/12.045/54 ^^Q \C70/rm/m/n/12.045/4e  \C70/rm/m/n/12.045/63 ®|\C70/rm/m/n/12.045/ff ^^[| $\OML/cmm/m/it/12.045 @`[]=@h[] \OT1/cmr/m/n/12.045 (-20) = \OML/cmm/m/it/12.045 U[]\OT1/cmr/m/n/12.045 (-20) (\OML/cmm/m/it/12.045 p[] \OMS/cmsy/m/n/12.045 ^^@
 []


Overfull \hbox (16.3654pt too wide) in paragraph at lines 26--27
[]\C70/rm/m/n/12.045/8b ≠ \C70/rm/m/n/12.045/7e √ \C70/rm/m/n/12.045/65 ˆ \C70/rm/m/n/12.045/53 Ô \C70/rm/m/n/12.045/4e ^^@ \C70/rm/m/n/12.045/6b ! \C70/rm/m/n/12.045/8f ì \C70/rm/m/n/12.045/51 e \C70/rm/m/n/12.045/65 t \C70/rm/m/n/12.045/6b µ \C70/rm/m/n/12.045/53 Û \C70/rm/m/n/12.045/79 ˚ \C70/rm/m/n/12.045/54 ^^N \C70/rm/m/n/12.045/76 Ñ \C70/rm/m/n/12.045/77 ^^_ \C70/rm/m/n/12.045/5b û\OT1/cmr/m/n/12.045 (-20) token|\C70/rm/m/n/12.045/ff ^^L| \C70/rm/m/n/12.045/5e v \C70/rm/m/n/12.045/75 ( \C70/rm/m/n/12.045/56 ‡ \C70/rm/m/n/12.045/67 ú \C70/rm/m/n/12.045/90 n \C70/rm/m/n/12.045/7f i \C70/rm/m/n/12.045/5e v \C70/rm/m/n/12.045/88 L \C70/rm/m/n/12.045/8b ° \C70/rm/m/n/12.045/7b ó \C70/rm/m/n/12.045/62 @ \C70/rm/m/n/12.045/67 	 \C70/rm/m/n/12.045/4f M \C70/rm/m/n/12.045/7f n|\C70/rm/m/n/12.045/ff ^^[| \C70/rm/m/n/12.045/7b ,$\OML/cmm/m/it/12.045 t$\C70/rm/m/n/12.045/4e *
 []

[109] [110]
Underfull \hbox (badness 2970) in paragraph at lines 107--107
[]|\OT1/cmr/m/n/7.52812 (+20) BERT \C70/rm/m/n/7.52812/7c { \OT1/cmr/m/n/7.52812 (+20) encoder-
 []


Underfull \hbox (badness 1430) in paragraph at lines 107--107
[]|\C70/rm/m/n/7.52812/4e ã ˆ \C70/rm/m/n/7.52812/52 ^^F \C70/rm/m/n/7.52812/7c {|\C70/rm/m/n/7.52812/30 ^^A| \C70/rm/m/n/7.52812/5b û \C70/rm/m/n/7.52812/4f S \C70/rm/m/n/7.52812/62 Ω \C70/rm/m/n/7.52812/53 ÷|\C70/rm/m/n/7.52812/30 ^^A| \C70/rm/m/n/7.52812/91 Õ \C70/rm/m/n/7.52812/63 í \C70/rm/m/n/7.52812/5e è|\C70/rm/m/n/7.52812/ff ^^[|
 []


Underfull \hbox (badness 10000) in paragraph at lines 107--107
[]|\OT1/cmr/m/n/7.52812 (+20) GPT/LLaMA \C70/rm/m/n/7.52812/7c {
 []


Underfull \hbox (badness 10000) in paragraph at lines 107--107
[]|\OT1/cmr/m/n/7.52812 (+20) T5 \C70/rm/m/n/7.52812/7c { \OT1/cmr/m/n/7.52812 (+20) encoder--
 []

[111]
Overfull \hbox (1.17276pt too wide) in paragraph at lines 126--127
\C70/rm/bx/n/12.045/76 — \C70/rm/bx/n/12.045/77 c \C70/rm/bx/n/12.045/5f Æ \C70/rm/bx/n/12.045/8c ^^C \C70/rm/bx/n/12.045/4e ^^N \C70/rm/bx/n/12.045/53 ¬ \C70/rm/bx/n/12.045/65 p \C70/rm/bx/n/12.045/9a ÿ \C70/rm/bx/n/12.045/65 H \C70/rm/bx/n/12.045/90 ^^B \C70/rm/bx/n/12.045/91 M|\C70/rm/bx/n/12.045/30 ^^B| [] \C70/rm/m/n/12.045/51 h \C70/rm/m/n/12.045/91 œ \C70/rm/m/n/12.045/5f Æ \C70/rm/m/n/12.045/8c ^^C \C70/rm/m/n/12.045/66 Ù \C70/rm/m/n/12.045/65 ∞ \C70/rm/m/n/12.045/62 @ \C70/rm/m/n/12.045/67 	 \C70/rm/m/n/12.045/53 ¬ \C70/rm/m/n/12.045/65 p|\C70/rm/m/n/12.045/ff ^^L| \C70/rm/m/n/12.045/62 ^^P \C70/rm/m/n/12.045/67 , \C70/rm/m/n/12.045/96 è \C70/rm/m/n/12.045/6a ! \C70/rm/m/n/12.045/57 ã \C70/rm/m/n/12.045/89 ƒ \C70/rm/m/n/12.045/6a ! \C70/rm/m/n/12.045/58 û \C70/rm/m/n/12.045/95 ^^?|\C70/rm/m/n/12.045/30 ^^B| \OT1/cmr/m/n/12.045 (-20) LoRA\C70/rm/m/n/12.045/57 (
 []

[112]
Overfull \hbox (1.65082pt too wide) in paragraph at lines 166--168
\C70/rm/m/n/12.045/51 ç \C70/rm/m/n/12.045/50 G \C70/rm/m/n/12.045/8b æ \C70/rm/m/n/12.045/50 O \C70/rm/m/n/12.045/59 } \C70/rm/m/n/12.045/7b & \C70/rm/m/n/12.045/54 ^^H\OT1/cmr/m/n/12.045 (-20) Bradley--Terry\C70/rm/m/n/12.045/6a ! \C70/rm/m/n/12.045/57 ã|\C70/rm/m/n/12.045/ff ^^L| \C70/rm/m/n/12.045/4f ^^X \C70/rm/m/n/12.045/90 	 \C70/rm/m/n/12.045/56 ﬁ \C70/rm/m/n/12.045/7b T$\OML/cmm/m/it/12.045 y[]$\C70/rm/m/n/12.045/80 ‹ \C70/rm/m/n/12.045/8f «$\OML/cmm/m/it/12.045 y[]$\C70/rm/m/n/12.045/76 Ñ \C70/rm/m/n/12.045/69 Ç \C70/rm/m/n/12.045/73 á \C70/rm/m/n/12.045/4e :$\OML/cmm/m/it/12.045 ^^[\OT1/cmr/m/n/12.045 (-20) (\OML/cmm/m/it/12.045 r\OT1/cmr/m/n/12.045 (-20) (\OML/cmm/m/it/12.045 q; y[]\OT1/cmr/m/n/12.045 (-20) ) \OMS/cmsy/m/n/12.045 ^^@ \OML/cmm/m/it/12.045 r\OT1/cmr/m/n/12.045 (-20) (\OML/cmm/m/it/12.045 q; y[]\OT1/cmr/m/n/12.045 (-20) ))$|\C70/rm/m/n/12.045/30 ^^B|
 []

[113]
Overfull \hbox (7.31212pt too wide) in paragraph at lines 194--196
\C70/rm/m/n/12.045/4e : \C70/rm/m/n/12.045/54 ^^N \C70/rm/m/n/12.045/7e Ì \C70/rm/m/n/12.045/52 M \C70/rm/m/n/12.045/7f ^^@ \C70/rm/m/n/12.045/4e _ \C70/rm/m/n/12.045/96 è \C70/rm/m/n/12.045/91 « \C70/rm/m/n/12.045/68 7 \C70/rm/m/n/12.045/65 9 \C70/rm/m/n/12.045/53 ÿ|\C70/rm/m/n/12.045/30 ^^B| \OT1/cmr/m/n/12.045 (-20) top-$\OML/cmm/m/it/12.045 k$\C70/rm/m/n/12.045/62 ^^V\OT1/cmr/m/n/12.045 (-20) top-$\OML/cmm/m/it/12.045 p$\C70/rm/m/n/12.045/51 H \C70/rm/m/n/12.045/90 	 \C70/rm/m/n/12.045/62 È \C70/rm/m/n/12.045/96 ∆ \C70/rm/m/n/12.045/54 ^^H$\OML/cmm/m/it/12.045 S$\C70/rm/m/n/12.045/51 ç \C70/rm/m/n/12.045/63 	$\OML/cmm/m/it/12.045 p[]\OT1/cmr/m/n/12.045 (-20) (\OML/cmm/m/it/12.045 j\OT1/cmr/m/n/12.045 (-20) ) = \OML/cmm/m/it/12.045 p\OT1/cmr/m/n/12.045 (-20) (\OML/cmm/m/it/12.045 j\OT1/cmr/m/n/12.045 (-20) )\OT1/cmr/bx/n/12.045 (-20) 1[]\OML/cmm/m/it/12.045 = [][] p\OT1/cmr/m/n/12.045 (-20) (\OML/cmm/m/it/12.045 r\OT1/cmr/m/n/12.045 (-20) )$\C70/rm/m/n/12.045/5f R
 []

[114] [115]) [116] [117]
\openout2 = `chapters/09-multimodal.aux'.

 (./chapters/09-multimodal.tex
Á¨¨ÂçÅÂõõÁ´†
[118




] [119]
Overfull \hbox (16.6292pt too wide) in paragraph at lines 67--69
\C70/rm/m/n/12.045/8f Ÿ \C70/rm/m/n/12.045/91 Ã$\OML/cmm/m/it/12.045 N$\C70/rm/m/n/12.045/4e : \C70/rm/m/n/12.045/91 M \C70/rm/m/n/12.045/5b ˘ \C70/rm/m/n/12.045/68 7 \C70/rm/m/n/12.045/67 , \C70/rm/m/n/12.045/65 p|\C70/rm/m/n/12.045/ff ^^L| $\OML/cmm/m/it/12.045 i; j \OT1/cmr/m/n/12.045 (-20) = 1\OML/cmm/m/it/12.045 ; [] ; N$|\C70/rm/m/n/12.045/ff ^^L| $\OML/cmm/m/it/12.045 z[]$\C70/rm/m/n/12.045/4e ^^N$\OML/cmm/m/it/12.045 z[]$\C70/rm/m/n/12.045/57 G \C70/rm/m/n/12.045/88 h \C70/rm/m/n/12.045/79 : \C70/rm/m/n/12.045/7b ,$\OML/cmm/m/it/12.045 i$\C70/rm/m/n/12.045/5e E \C70/rm/m/n/12.045/56 ˛ \C70/rm/m/n/12.045/50 œ \C70/rm/m/n/12.045/76 Ñ \C70/rm/m/n/12.045/53 U \C70/rm/m/n/12.045/4f M \C70/rm/m/n/12.045/83 ^^C \C70/rm/m/n/12.045/65 p \C70/rm/m/n/12.045/88 h \C70/rm/m/n/12.045/79 :|\C70/rm/m/n/12.045/ff ^^L| $\OML/cmm/m/it/12.045 s\OT1/cmr/m/n/12.045 (-20) (\OML/cmm/m/it/12.045 a; b\OT1/cmr/m/n/12.045 (-20) ) =
 []


Overfull \hbox (8.07982pt too wide) in paragraph at lines 86--87
[]\C70/rm/m/n/12.045/4e : \C70/rm/m/n/12.045/8b Ù \C70/rm/m/n/12.045/66 ^^N \C70/rm/m/n/12.045/51 v \C70/rm/m/n/12.045/8b ° \C70/rm/m/n/12.045/7b ó \C70/rm/m/n/12.045/54 + \C70/rm/m/n/12.045/4e I|\C70/rm/m/n/12.045/ff ^^L| \C70/rm/m/n/12.045/4e ‰$\OML/cmm/m/it/12.045 Q \OMS/cmsy/m/n/12.045 2 \U/msb/m/n/12.045 R[]$|\C70/rm/m/n/12.045/30 ^^A| $\OML/cmm/m/it/12.045 K \OMS/cmsy/m/n/12.045 2 \U/msb/m/n/12.045 R[]$|\C70/rm/m/n/12.045/30 ^^A| $\OML/cmm/m/it/12.045 V \OMS/cmsy/m/n/12.045 2 \U/msb/m/n/12.045 R[]$|\C70/rm/m/n/12.045/30 ^^B| \C70/rm/m/n/12.045/77 È \C70/rm/m/n/12.045/96 5$\OML/cmm/m/it/12.045 QK[]$\C70/rm/m/n/12.045/76 Ñ \C70/rm/m/n/12.045/7b ,$\OT1/cmr/m/n/12.045 (-20) (\OML/cmm/m/it/12.045 a; b\OT1/cmr/m/n/12.045 (-20) )$\C70/rm/m/n/12.045/98 y
 []

[120] [121]) [122]
\openout2 = `chapters/10-generative.aux'.

 (./chapters/10-generative.tex
Á¨¨ÂçÅ‰∫îÁ´†

Overfull \hbox (82.73953pt too wide) in paragraph at lines 21--23
\C70/rm/m/n/12.045/5f ^^O[]\C70/rm/m/n/12.045/53 Û \C70/rm/m/n/12.045/7a Ô \C70/rm/m/n/12.045/76 Ñ \C70/rm/m/n/12.045/7b , \C70/rm/m/n/12.045/4e ^^@ \C70/rm/m/n/12.045/98 y \C70/rm/m/n/12.045/91 Õ \C70/rm/m/n/12.045/67 Ñ \C70/rm/m/n/12.045/8f ì \C70/rm/m/n/12.045/51 e|\C70/rm/m/n/12.045/ff ^^L| \C70/rm/m/n/12.045/7b , \C70/rm/m/n/12.045/4e å \C70/rm/m/n/12.045/98 y \C70/rm/m/n/12.045/4f ^^? \C70/rm/m/n/12.045/6f \ \C70/rm/m/n/12.045/53 ÿ \C70/rm/m/n/12.045/91 œ \C70/rm/m/n/12.045/52 ^^F \C70/rm/m/n/12.045/5e ^^C \C70/rm/m/n/12.045/63 • \C70/rm/m/n/12.045/8f — \C70/rm/m/n/12.045/51 H \C70/rm/m/n/12.045/9a å|\C70/rm/m/n/12.045/30 ^^B| \C70/rm/m/n/12.045/82 Â$\OML/cmm/m/it/12.045 q[]\OT1/cmr/m/n/12.045 (-20) (\OML/cmm/m/it/12.045 z \OMS/cmsy/m/n/12.045 j \OML/cmm/m/it/12.045 x\OT1/cmr/m/n/12.045 (-20) ) = \OMS/cmsy/m/n/12.045 N\OT1/cmr/m/n/12.045 (-20) (\OML/cmm/m/it/12.045 ^^V[]\OT1/cmr/m/n/12.045 (-20) (\OML/cmm/m/it/12.045 x\OT1/cmr/m/n/12.045 (-20) )\OML/cmm/m/it/12.045 ; []\OT1/cmr/m/n/12.045 (-20) (\OML/cmm/m/it/12.045 ^^[[]\OT1/cmr/m/n/12.045 (-20) (\OML/cmm/m/it/12.045 x\OT1/cmr/m/n/12.045 (-20) )))$|\C70/rm/m/n/12.045/ff ^^L|
 []

[123




]
Overfull \hbox (14.06064pt too wide) in paragraph at lines 54--56
\C70/rm/m/n/12.045/57 ( \C70/rm/m/n/12.045/74 ^^F \C70/rm/m/n/12.045/60 Û \C70/rm/m/n/12.045/67 ^^@ \C70/rm/m/n/12.045/4f ^^X \C70/rm/m/n/12.045/52 $ + \C70/rm/m/n/12.045/56 h \C70/rm/m/n/12.045/4e |\C70/rm/m/n/12.045/ff ^^L| \C70/rm/m/n/12.045/76 Ó \C70/rm/m/n/12.045/68 ^^G \C70/rm/m/n/12.045/4e ^^N \C70/rm/m/n/12.045/77 ^^_ \C70/rm/m/n/12.045/5b û \C70/rm/m/n/12.045/52 ^^F \C70/rm/m/n/12.045/5e ^^C \C70/rm/m/n/12.045/54 å \C70/rm/m/n/12.045/75 ^^_ \C70/rm/m/n/12.045/62 ^^P \C70/rm/m/n/12.045/52 ^^F \C70/rm/m/n/12.045/5e ^^C \C70/rm/m/n/12.045/4e K \C70/rm/m/n/12.045/95 Ù \C70/rm/m/n/12.045/76 Ñ \OT1/cmr/m/n/12.045 (-20) Jensen--Shannon \C70/rm/m/n/12.045/65 c \C70/rm/m/n/12.045/5e ¶ |\C70/rm/m/n/12.045/ff ^^H|\OT1/cmr/m/n/12.045 (-20) Jensen--
 []


Overfull \hbox (20.14592pt too wide) in paragraph at lines 54--56
\OT1/cmr/m/n/12.045 (-20) Shannon Di-ver-gence|\C70/rm/m/n/12.045/ff ^^L| \OT1/cmr/m/n/12.045 (-20) JSD|\C70/rm/m/n/12.045/ff 	| \C70/rm/m/n/12.045/76 ¯ \C70/rm/m/n/12.045/51 s|\C70/rm/m/n/12.045/30 ^^B| \C70/rm/m/n/12.045/57 ( \C70/rm/m/n/12.045/56 ˙ \C70/rm/m/n/12.045/5b ö \C70/rm/m/n/12.045/75 ^^_ \C70/rm/m/n/12.045/62 ^^P \C70/rm/m/n/12.045/52 ^^F \C70/rm/m/n/12.045/5e ^^C$\OML/cmm/m/it/12.045 p[]$\C70/rm/m/n/12.045/4e ^^T \C70/rm/m/n/12.045/52 $ + \C70/rm/m/n/12.045/56 h \C70/rm/m/n/12.045/90 ^^P \C70/rm/m/n/12.045/70 π \C70/rm/m/n/12.045/67 ^^@ \C70/rm/m/n/12.045/4f ^^X \C70/rm/m/n/12.045/65 ˆ|\C70/rm/m/n/12.045/ff ^^L| \C70/rm/m/n/12.045/5b ˘ \C70/rm/m/n/12.045/6b œ \C70/rm/m/n/12.045/4e *$\OML/cmm/m/it/12.045 x$\C70/rm/m/n/12.045/4e ‰$\OML/cmm/m/it/12.045 a \OT1/cmr/m/n/12.045 (-20) =
 []

[124]
Overfull \hbox (13.37067pt too wide) in paragraph at lines 65--66
[]\C70/rm/m/n/12.045/6d A \C70/rm/m/n/12.045/6a ! \C70/rm/m/n/12.045/57 ã \C70/rm/m/n/12.045/4f ^^? \C70/rm/m/n/12.045/75 ( \C70/rm/m/n/12.045/53 Ô \C70/rm/m/n/12.045/5f Æ \C70/rm/m/n/12.045/53 Ô \C70/rm/m/n/12.045/90 ^^F \C70/rm/m/n/12.045/53 ÿ \C70/rm/m/n/12.045/63 b$\OML/cmm/m/it/12.045 z \OT1/cmr/m/n/12.045 (-20) = \OML/cmm/m/it/12.045 f[]\OT1/cmr/m/n/12.045 (-20) (\OML/cmm/m/it/12.045 x\OT1/cmr/m/n/12.045 (-20) )$\C70/rm/m/n/12.045/62 ä \C70/rm/m/n/12.045/65 p \C70/rm/m/n/12.045/63 n \C70/rm/m/n/12.045/66   \C70/rm/m/n/12.045/5c ^^D \C70/rm/m/n/12.045/52 0 \C70/rm/m/n/12.045/7b Ä \C70/rm/m/n/12.045/53 U \C70/rm/m/n/12.045/51 H \C70/rm/m/n/12.045/9a å|\C70/rm/m/n/12.045/30 ^^B| \C70/rm/m/n/12.045/8f Ÿ \C70/rm/m/n/12.045/91 Ã$\OML/cmm/m/it/12.045 x; z \OMS/cmsy/m/n/12.045 2 \U/msb/m/n/12.045 R[]$|\C70/rm/m/n/12.045/ff ^^L| $\OML/cmm/m/it/12.045 J[]\OT1/cmr/m/n/12.045 (-20) (\OML/cmm/m/it/12.045 x\OT1/cmr/m/n/12.045 (-20) )$\C70/rm/m/n/12.045/76 Ñ
 []


Overfull \hbox (12.88109pt too wide) in paragraph at lines 68--70
\C70/rm/m/n/12.045/63 ® \C70/rm/m/n/12.045/5b ¸ \C70/rm/m/n/12.045/67 e \C70/rm/m/n/12.045/81 Í \C70/rm/m/n/12.045/5f Æ \C70/rm/m/n/12.045/52 ^^F \C70/rm/m/n/12.045/4f S \C70/rm/m/n/12.045/79 Ô \C70/rm/m/n/12.045/53 ÿ \C70/rm/m/n/12.045/63 b|\C70/rm/m/n/12.045/ff ^^Z| \C70/rm/m/n/12.045/82 Â$\OML/cmm/m/it/12.045 z \OT1/cmr/m/n/12.045 (-20) = \OML/cmm/m/it/12.045 f[]\OT1/cmr/m/n/12.045 (-20) (\OML/cmm/m/it/12.045 x\OT1/cmr/m/n/12.045 (-20) )$|\C70/rm/m/n/12.045/ff ^^L| \C70/rm/m/n/12.045/52 ^^Y$\OML/cmm/m/it/12.045 dz \OT1/cmr/m/n/12.045 (-20) = \OMS/cmsy/m/n/12.045 j [] \OML/cmm/m/it/12.045 J[]\OT1/cmr/m/n/12.045 (-20) (\OML/cmm/m/it/12.045 x\OT1/cmr/m/n/12.045 (-20) )\OMS/cmsy/m/n/12.045 j\OML/cmm/m/it/12.045 dx$|\C70/rm/m/n/12.045/ff ^^L| \C70/rm/m/n/12.045/80 ^^L \C70/rm/m/n/12.045/69 Ç \C70/rm/m/n/12.045/73 á \C70/rm/m/n/12.045/5b à \C70/rm/m/n/12.045/60 R \C70/rm/m/n/12.045/7e Ÿ \C70/rm/m/n/12.045/51 ˙$\OML/cmm/m/it/12.045 p[]\OT1/cmr/m/n/12.045 (-20) (\OML/cmm/m/it/12.045 x\OT1/cmr/m/n/12.045 (-20) )\OML/cmm/m/it/12.045 dx \OT1/cmr/m/n/12.045 (-20) =
 []


Underfull \hbox (badness 10000) in paragraph at lines 90--90
[]|\OT1/cmr/m/n/7.52812 (+20) Denoising Dif-
 []


Underfull \hbox (badness 10000) in paragraph at lines 90--90
\OT1/cmr/m/n/7.52812 (+20) fu-sion Prob-a-
 []


Underfull \hbox (badness 10000) in paragraph at lines 90--90
\OT1/cmr/m/n/7.52812 (+20) bilis-tic Model
 []


Underfull \hbox (badness 2671) in paragraph at lines 90--90
\OT1/cmr/m/n/7.52812 (+20) Dif-fu-sion Im-plicit
 []

[125] [126] [127] [128]) [129]
\openout2 = `chapters/10b-pinn.aux'.

 (./chapters/10b-pinn.tex
Á¨¨ÂçÅÂÖ≠Á´†
[130




] [131] [132] [133]
Overfull \hbox (35.42842pt too wide) in paragraph at lines 128--130
\C70/rm/m/n/12.045/53 ã \C70/rm/m/n/12.045/52 õ \C70/rm/m/n/12.045/8f ÿ \C70/rm/m/n/12.045/53 Ô \C70/rm/m/n/12.045/51 œ \C70/rm/m/n/12.045/53 ª ¬ \C70/rm/m/n/12.045/80 ^^C \C70/rm/m/n/12.045/50 <|\C70/rm/m/n/12.045/ff ^^L| \C70/rm/m/n/12.045/56 ‡ \C70/rm/m/n/12.045/4e : ^^M \C70/rm/m/n/12.045/53 Ô ã \C70/rm/m/n/12.045/7f ) \C70/rm/m/n/12.045/52 ® \C70/rm/m/n/12.045/91 œ \C70/rm/m/n/12.045/65 π \C70/rm/m/n/12.045/7a  \C70/rm/m/n/12.045/53 Í ^^E \C70/rm/m/n/12.045/54 + \C70/rm/m/n/12.045/51 v \C70/rm/m/n/12.045/7a z \C70/rm/m/n/12.045/95 Ù \C70/rm/m/n/12.045/68 Ø \C70/rm/m/n/12.045/5e ¶|\C70/rm/m/n/12.045/30 ^^B| \C70/rm/m/n/12.045/5b ö \C70/rm/m/n/12.045/4e I$[] \OT1/cmr/m/n/12.045 (-20) = \OML/cmm/m/it/12.045 U[]L[]=^^W[]$\C70/rm/m/n/12.045/54 å$\OT1/cmr/bx/n/12.045 (-20) f[] \OT1/cmr/m/n/12.045 (-20) =
 []

[134]
Overfull \hbox (22.60344pt too wide) in paragraph at lines 182--184
\C70/rm/m/n/12.045/51 v \C70/rm/m/n/12.045/4e - \C70/rm/m/n/12.045/7b , \C70/rm/m/n/12.045/4e å \C70/rm/m/n/12.045/5f ^^O ˝ \C70/rm/m/n/12.045/75 e \C70/rm/m/n/12.045/6b ã \C70/rm/m/n/12.045/5d Ó \C70/rm/m/n/12.045/5b ˘ \C70/rm/m/n/12.045/53 ¬ \C70/rm/m/n/12.045/65 p \C70/rm/m/n/12.045/76 Ñ \C70/rm/m/n/12.045/4e å \C70/rm/m/n/12.045/96 6 \C70/rm/m/n/12.045/98 y|\C70/rm/m/n/12.045/ff ^^L| \C70/rm/m/n/12.045/66 / \OT1/cmr/m/n/12.045 (-20) Gauss--Newton \C70/rm/m/n/12.045/8f — \C70/rm/m/n/12.045/4f <|\C70/rm/m/n/12.045/30 ^^B| \C70/rm/m/n/12.045/8f Ÿ \C70/rm/m/n/12.045/91 Ã \C70/rm/m/n/12.045/76 Ñ$\OML/cmm/m/it/12.045 J[]$\C70/rm/m/n/12.045/4e ^^M ≈ \C70/rm/m/n/12.045/53 ^^E \C70/rm/m/n/12.045/54 +$\OML/cmm/m/it/12.045 @F[]=@^^R$|\C70/rm/m/n/12.045/ff ^^L|
 []

[135] [136]
Underfull \vbox (badness 1275) has occurred while \output is active []

 [137] [138]) [139] [140



] [141]
\openout2 = `chapters/11a-pretraining.aux'.

 (./chapters/11a-pretraining.tex
Á¨¨ÂçÅ‰∏ÉÁ´†
[142


] [143]
Overfull \hbox (3.34103pt too wide) in paragraph at lines 66--68
\C70/rm/m/n/12.045/4e " \C70/rm/m/n/12.045/5f ^^C \C70/rm/m/n/12.045/5b ˘ \C70/rm/m/n/12.045/65 p π \C70/rm/m/n/12.045/5d Ó \C70/rm/m/n/12.045/98 y|\C70/rm/m/n/12.045/30 ^^B| \C70/rm/m/n/12.045/4e ^^M \C70/rm/m/n/12.045/54 ^^L \C70/rm/m/n/12.045/90 ^^Z S \C70/rm/m/n/12.045/53 U \C70/rm/m/n/12.045/4f M \C70/rm/m/n/12.045/5d Ó \C70/rm/m/n/12.045/5f ^^B à \C70/rm/m/n/12.045/59 ' \C70/rm/m/n/12.045/65 ˆ|\C70/rm/m/n/12.045/ff ^^L| \C70/rm/m/n/12.045/91 « \C70/rm/m/n/12.045/75 ( \C70/rm/m/n/12.045/5b ˘ \C70/rm/m/n/12.045/89 “ \C70/rm/m/n/12.045/53 O \C70/rm/m/n/12.045/65 π \C70/rm/m/n/12.045/5d Ó$\OT1/cmr/m/n/12.045 (-20) ^^F$\C70/rm/m/n/12.045/4f ^^Z \C70/rm/m/n/12.045/5f ó \C70/rm/m/n/12.045/52 0$\OT1/cmr/m/n/12.045 (-20) (\OML/cmm/m/it/12.045 x \OMS/cmsy/m/n/12.045 ^^@ \OML/cmm/m/it/12.045 m\OT1/cmr/m/n/12.045 (-20) )[]^^F[](\OML/cmm/m/it/12.045 x \OMS/cmsy/m/n/12.045 ^^@
 []


Overfull \hbox (5.14745pt too wide) in paragraph at lines 86--87
\C70/rm/m/n/12.045/7a z|\C70/rm/m/n/12.045/ff ^^L| $\OML/cmm/m/it/12.045 V$\C70/rm/m/n/12.045/4e : \C70/rm/m/n/12.045/51 v \C70/rm/m/n/12.045/88 e \C70/rm/m/n/12.045/96 ∆|\C70/rm/m/n/12.045/ff ^^[| \C70/rm/m/n/12.045/89 „ \C70/rm/m/n/12.045/78 ^^A \C70/rm/m/n/12.045/56 h \C70/rm/m/n/12.045/97 ^^@ \C70/rm/m/n/12.045/4e : \C70/rm/m/n/12.045/6b œ \C70/rm/m/n/12.045/4e *$\OML/cmm/m/it/12.045 j \OMS/cmsy/m/n/12.045 2 \OML/cmm/m/it/12.045 M$\C70/rm/m/n/12.045/8f ì \C70/rm/m/n/12.045/51 ˙ \C70/rm/m/n/12.045/54 ^^L \C70/rm/m/n/12.045/7e Ù \C70/rm/m/n/12.045/98 Ñ \C70/rm/m/n/12.045/6d K|\C70/rm/m/n/12.045/30 ^^B| \C70/rm/m/n/12.045/82 Â \C70/rm/m/n/12.045/91 « \C70/rm/m/n/12.045/75 ( \C70/rm/m/n/12.045/90 ^^P \C70/rm/m/n/12.045/4f M \C70/rm/m/n/12.045/7f n \C70/rm/m/n/12.045/67 a \C70/rm/m/n/12.045/4e ˆ \C70/rm/m/n/12.045/52 ^^F \C70/rm/m/n/12.045/5e ^^C$\OML/cmm/m/it/12.045 q[]\OT1/cmr/m/n/12.045 (-20) (\OML/cmm/m/it/12.045 x[] \OMS/cmsy/m/n/12.045 j
 []

[144] [145] [146] [147] [148] [149]) [150]
\openout2 = `chapters/11-transfer.aux'.

 (./chapters/11-transfer.tex
Á¨¨ÂçÅÂÖ´Á´†

Overfull \hbox (93.88918pt too wide) in paragraph at lines 28--30
\C70/rm/m/n/12.045/76 Ó \C70/rm/m/n/12.045/68 ^^G \C70/rm/m/n/12.045/57 ﬂ \C70/rm/m/n/12.045/9a å \C70/rm/m/n/12.045/8b ¡ \C70/rm/m/n/12.045/5f ≈ \C70/rm/m/n/12.045/98 { \C70/rm/m/n/12.045/68 ¿ \C70/rm/m/n/12.045/9a å \C70/rm/m/n/12.045/8f ¡ \C70/rm/m/n/12.045/79 ˚ \C70/rm/m/n/12.045/54 ^^N \C70/rm/m/n/12.045/66 / \C70/rm/m/n/12.045/54 & \C70/rm/m/n/12.045/96 M \C70/rm/m/n/12.045/4f N \C70/rm/m/n/12.045/4e Ü \C70/rm/m/n/12.045/5b û \C70/rm/m/n/12.045/96 E \C70/rm/m/n/12.045/98 Œ \C70/rm/m/n/12.045/96 i|\C70/rm/m/n/12.045/30 ^^B| \C70/rm/m/n/12.045/8b æ \C70/rm/m/n/12.045/6e ê \C70/rm/m/n/12.045/57 ﬂ \C70/rm/m/n/12.045/4e ^^N \C70/rm/m/n/12.045/76 Ó \C70/rm/m/n/12.045/68 ^^G \C70/rm/m/n/12.045/57 ﬂ \C70/rm/m/n/12.045/80 T \C70/rm/m/n/12.045/54 ^^H \C70/rm/m/n/12.045/52 ^^F \C70/rm/m/n/12.045/5e ^^C \C70/rm/m/n/12.045/52 ^^F + \C70/rm/m/n/12.045/4e :$\OML/cmm/m/it/12.045 P[]\OT1/cmr/m/n/12.045 (-20) (\OML/cmm/m/it/12.045 X; Y\OT1/cmr/m/n/12.045 (-20) )$\C70/rm/m/n/12.045/4e ^^N$\OML/cmm/m/it/12.045 P[]\OT1/cmr/m/n/12.045 (-20) (\OML/cmm/m/it/12.045 X; Y\OT1/cmr/m/n/12.045 (-20) )$|\C70/rm/m/n/12.045/ff ^^L|
 []

[151




]
Overfull \hbox (4.50285pt too wide) in paragraph at lines 31--32
[]\C70/rm/m/n/12.045/53 O ÿ \C70/rm/m/n/12.045/91 œ \C70/rm/m/n/12.045/50 O \C70/rm/m/n/12.045/79 ˚ \C70/rm/m/n/12.045/50 G \C70/rm/m/n/12.045/5b ö$\OML/cmm/m/it/12.045 P[]\OT1/cmr/m/n/12.045 (-20) (\OML/cmm/m/it/12.045 Y \OMS/cmsy/m/n/12.045 j \OML/cmm/m/it/12.045 X\OT1/cmr/m/n/12.045 (-20) ) = \OML/cmm/m/it/12.045 P[]\OT1/cmr/m/n/12.045 (-20) (\OML/cmm/m/it/12.045 Y \OMS/cmsy/m/n/12.045 j \OML/cmm/m/it/12.045 X\OT1/cmr/m/n/12.045 (-20) )$\C70/rm/m/n/12.045/80 ^^L \C70/rm/m/n/12.045/8f ì \C70/rm/m/n/12.045/51 e \C70/rm/m/n/12.045/8f π \C70/rm/m/n/12.045/7f ^^X \C70/rm/m/n/12.045/52 ^^F \C70/rm/m/n/12.045/5e ^^C \C70/rm/m/n/12.045/53 ÿ ^^V|\C70/rm/m/n/12.045/ff ^^[| \C70/rm/m/n/12.045/68 ^^G \C70/rm/m/n/12.045/7b ~ \C70/rm/m/n/12.045/50 O \C70/rm/m/n/12.045/79 ˚ \C70/rm/m/n/12.045/50 G \C70/rm/m/n/12.045/5b ö$\OML/cmm/m/it/12.045 P[]\OT1/cmr/m/n/12.045 (-20) (\OML/cmm/m/it/12.045 X \OMS/cmsy/m/n/12.045 j
 []

[152] [153]
Overfull \hbox (17.49637pt too wide) in paragraph at lines 108--110
\C70/rm/m/n/12.045/56 ˙ \C70/rm/m/n/12.045/5b ö \C70/rm/m/n/12.045/7f ^^V \C70/rm/m/n/12.045/78 ^^A \C70/rm/m/n/12.045/56 h|\C70/rm/m/n/12.045/ff ^^L| \C70/rm/m/n/12.045/57 ( \C70/rm/m/n/12.045/51 w \C70/rm/m/n/12.045/67 	 \C70/rm/m/n/12.045/72 y \C70/rm/m/n/12.045/5f Å \C70/rm/m/n/12.045/5b ∆ \C70/rm/m/n/12.045/5e ¶ \C70/rm/m/n/12.045/76 Ñ \C70/rm/m/n/12.045/60 ≈ \C70/rm/m/n/12.045/51 µ \C70/rm/m/n/12.045/4e |\C70/rm/m/n/12.045/ff ^^L| \C70/rm/m/n/12.045/5b ˘ \C70/rm/m/n/12.045/6b œ \C70/rm/m/n/12.045/4e *$\OML/cmm/m/it/12.045 z$\C70/rm/m/n/12.045/90 ^^P \C70/rm/m/n/12.045/70 π \C70/rm/m/n/12.045/67 ^^@ \C70/rm/m/n/12.045/5c ^^O \C70/rm/m/n/12.045/53 ^^V|\C70/rm/m/n/12.045/ff ^^L| \C70/rm/m/n/12.045/5f ó \C70/rm/m/n/12.045/52 0$\OML/cmm/m/it/12.045 D[]\OT1/cmr/m/n/12.045 (-20) (\OML/cmm/m/it/12.045 z\OT1/cmr/m/n/12.045 (-20) ) = \OML/cmm/m/it/12.045 p[]\OT1/cmr/m/n/12.045 (-20) (\OML/cmm/m/it/12.045 z\OT1/cmr/m/n/12.045 (-20) )\OML/cmm/m/it/12.045 =\OT1/cmr/m/n/12.045 (-20) (\OML/cmm/m/it/12.045 p[]\OT1/cmr/m/n/12.045 (-20) (\OML/cmm/m/it/12.045 z\OT1/cmr/m/n/12.045 (-20) ) +
 []

[154] [155] [156]) [157]
\openout2 = `chapters/11b-continual.aux'.

 (./chapters/11b-continual.tex
Á¨¨ÂçÅ‰πùÁ´†

Overfull \hbox (22.09203pt too wide) in paragraph at lines 29--31
\C70/rm/m/n/12.045/67 ú \C70/rm/m/n/12.045/65 ˆ \C70/rm/m/n/12.045/98 { \C70/rm/m/n/12.045/54 ^^L \C70/rm/m/n/12.045/65 ˆ \C70/rm/m/n/12.045/68 ¿ \C70/rm/m/n/12.045/67 Â \C70/rm/m/n/12.045/53 Ü Ú \C70/rm/m/n/12.045/4e ˚ \C70/rm/m/n/12.045/52 ° \C70/rm/m/n/12.045/54 å \C70/rm/m/n/12.045/5f S \C70/rm/m/n/12.045/52 M \C70/rm/m/n/12.045/4e ˚ \C70/rm/m/n/12.045/52 °|\C70/rm/m/n/12.045/ff ^^L| \C70/rm/m/n/12.045/4e ^^M \C70/rm/m/n/12.045/80 ˝ \C70/rm/m/n/12.045/53 Í \C70/rm/m/n/12.045/77  \C70/rm/m/n/12.045/65 ∞ p \C70/rm/m/n/12.045/63 n _ \C70/rm/m/n/12.045/59 1|\C70/rm/m/n/12.045/30 ^^B| \C70/rm/m/n/12.045/8b æ \C70/rm/m/n/12.045/65 p \C70/rm/m/n/12.045/63 n \C70/rm/m/n/12.045/4f ù \C70/rm/m/n/12.045/6b ! \C70/rm/m/n/12.045/52 0 \C70/rm/m/n/12.045/8f æ$\OMS/cmsy/m/n/12.045 D[]\OML/cmm/m/it/12.045 ; [] ; \OMS/cmsy/m/n/12.045 D[]$|\C70/rm/m/n/12.045/ff ^^L|
 []

[158




]
Overfull \hbox (3.95183pt too wide) in paragraph at lines 40--42
\C70/rm/m/n/12.045/54 ^^L \C70/rm/m/n/12.045/4f › \C70/rm/m/n/12.045/75 Y \C70/rm/m/n/12.045/69 Ç \C70/rm/m/n/12.045/73 á|\C70/rm/m/n/12.045/30 ^^B| \C70/rm/m/n/12.045/7c { \C70/rm/m/n/12.045/52 + \C70/rm/m/n/12.045/57 G \C70/rm/m/n/12.045/88 a \C70/rm/m/n/12.045/7f ^^S \C70/rm/m/n/12.045/5b X \C70/rm/m/n/12.045/52 ^^Y \C70/rm/m/n/12.045/65 9 \C70/rm/m/n/12.045/53 ÿ \C70/rm/m/n/12.045/91 « \C70/rm/m/n/12.045/68 7 \C70/rm/m/n/12.045/76 Ó \C70/rm/m/n/12.045/68 ^^G|\C70/rm/m/n/12.045/ff ^^L| \C70/rm/m/n/12.045/4f › \C70/rm/m/n/12.045/96 ú \C70/rm/m/n/12.045/5c ^^Q \C70/rm/m/n/12.045/65 p \C70/rm/m/n/12.045/7c { \C70/rm/m/n/12.045/4f F \C70/rm/m/n/12.045/4e ^^M \C70/rm/m/n/12.045/51 ç \C70/rm/m/n/12.045/4f › \C70/rm/m/n/12.045/63 ^^A \C70/rm/m/n/12.045/53 ü \C70/rm/m/n/12.045/59 À \C70/rm/m/n/12.045/98 ë \C70/rm/m/n/12.045/73 á|\C70/rm/m/n/12.045/30 ^^B| \OT1/cmr/m/n/12.045 (-20) iCaRL
 []


Overfull \hbox (15.48436pt too wide) in paragraph at lines 44--45
\C70/rm/m/n/12.045/65 Á \C70/rm/m/n/12.045/68 7 \C70/rm/m/n/12.045/67 , \C70/rm/m/n/12.045/57 ($\OML/cmm/m/it/12.045 n \OMS/cmsy/m/n/12.045 ^^@ \OT1/cmr/m/n/12.045 (-20) 1$\C70/rm/m/n/12.045/65 ˆ \C70/rm/m/n/12.045/52 ; \C70/rm/m/n/12.045/4f M \C70/rm/m/n/12.045/4e é \C70/rm/m/n/12.045/7f ^^S \C70/rm/m/n/12.045/5b X \C70/rm/m/n/12.045/76 Ñ \C70/rm/m/n/12.045/69 Ç \C70/rm/m/n/12.045/73 á \C70/rm/m/n/12.045/4e :$\OML/cmm/m/it/12.045 M=\OT1/cmr/m/n/12.045 (-20) (\OML/cmm/m/it/12.045 n \OMS/cmsy/m/n/12.045 ^^@ \OT1/cmr/m/n/12.045 (-20) 1)$|\C70/rm/m/n/12.045/ff ^^L| \C70/rm/m/n/12.045/67 , \C70/rm/m/n/12.045/8f n \C70/rm/m/n/12.045/88 ´ \C70/rm/m/n/12.045/66 ˇ \C70/rm/m/n/12.045/63 b \C70/rm/m/n/12.045/76 Ñ \C70/rm/m/n/12.045/67 a \C70/rm/m/n/12.045/4e ˆ \C70/rm/m/n/12.045/69 Ç \C70/rm/m/n/12.045/73 á \C70/rm/m/n/12.045/4e :$\OT1/cmr/m/n/12.045 (-20) (\OML/cmm/m/it/12.045 M=n\OT1/cmr/m/n/12.045 (-20) )(1\OML/cmm/m/it/12.045 =M\OT1/cmr/m/n/12.045 (-20) ) =
 []

[159] [160]
Overfull \hbox (12.12779pt too wide) in paragraph at lines 121--122
[]\C70/rm/m/n/12.045/4e å \C70/rm/m/n/12.045/6b ! \C70/rm/m/n/12.045/60 È \C70/rm/m/n/12.045/7f Z \C70/rm/m/n/12.045/5b ˘ \C70/rm/m/n/12.045/7b ,$\OML/cmm/m/it/12.045 j$\C70/rm/m/n/12.045/4e * \C70/rm/m/n/12.045/53 ¬ \C70/rm/m/n/12.045/65 p \C70/rm/m/n/12.045/76 Ñ \C70/rm/m/n/12.045/68 Ø \C70/rm/m/n/12.045/5e ¶ \C70/rm/m/n/12.045/4e :$\OML/cmm/m/it/12.045 ^^UF[]\OT1/cmr/m/n/12.045 (-20) (\OML/cmm/m/it/12.045 ^^R[] \OMS/cmsy/m/n/12.045 ^^@ \OML/cmm/m/it/12.045 ^^R[]\OT1/cmr/m/n/12.045 (-20) )$|\C70/rm/m/n/12.045/30 ^^B| \C70/rm/m/n/12.045/57 ( \C70/rm/m/n/12.045/53 U \C70/rm/m/n/12.045/4e * \C70/rm/m/n/12.045/57 P \C70/rm/m/n/12.045/68 ^^G \C70/rm/m/n/12.045/4e 
|\C70/rm/m/n/12.045/ff ^^L| \C70/rm/m/n/12.045/82 Â \C70/rm/m/n/12.045/65 ∞ \C70/rm/m/n/12.045/76 Ó \C70/rm/m/n/12.045/68 ^^G \C70/rm/m/n/12.045/5c @ \C70/rm/m/n/12.045/90 Ë \C70/rm/m/n/12.045/4e :$[]\OML/cmm/m/it/12.045 a\OT1/cmr/m/n/12.045 (-20) (\OML/cmm/m/it/12.045 ^^R[] \OMS/cmsy/m/n/12.045 ^^@
 []

[161] [162] [163]) [164]
\openout2 = `chapters/11c-active.aux'.

 (./chapters/11c-active.tex
Á¨¨‰∫åÂçÅÁ´†

Overfull \hbox (13.40787pt too wide) in paragraph at lines 28--30
\C70/rm/m/n/12.045/65 9 \C70/rm/m/n/12.045/53 ÿ \C70/rm/m/n/12.045/6a ! \C70/rm/m/n/12.045/57 ã|\C70/rm/m/n/12.045/ff ^^L| \C70/rm/m/n/12.045/4e _ \C70/rm/m/n/12.045/65 9 \C70/rm/m/n/12.045/53 ÿ \C70/rm/m/n/12.045/4e  ^^@ \C70/rm/m/n/12.045/8f n \C70/rm/m/n/12.045/76 Ñ \C70/rm/m/n/12.045/67 Â \C70/rm/m/n/12.045/8b ‚ \C70/rm/m/n/12.045/52 ^^F \C70/rm/m/n/12.045/5e ^^C|\C70/rm/m/n/12.045/30 ^^B| \C70/rm/m/n/12.045/8b æ \C70/rm/m/n/12.045/5d Ú \C70/rm/m/n/12.045/68 ^^G \C70/rm/m/n/12.045/6c Ë \C70/rm/m/n/12.045/96 ∆ \C70/rm/m/n/12.045/4e :$\OML/cmm/m/it/12.045 L$|\C70/rm/m/n/12.045/ff ^^L| \C70/rm/m/n/12.045/67 * \C70/rm/m/n/12.045/68 ^^G \C70/rm/m/n/12.045/6c Ë ` \C70/rm/m/n/12.045/4e :$\OML/cmm/m/it/12.045 U$|\C70/rm/m/n/12.045/ff ^^L| \C70/rm/m/n/12.045/68 ^^G \C70/rm/m/n/12.045/6c Ë \C70/rm/m/n/12.045/62 ^^P \C70/rm/m/n/12.045/67 , \C70/rm/m/n/12.045/4e :$\OML/cmm/m/it/12.045 c\OT1/cmr/m/n/12.045 (-20) (\OML/cmm/m/it/12.045 x\OT1/cmr/m/n/12.045 (-20) )$|\C70/rm/m/n/12.045/ff ^^L|
 []

[165




] [166] [167]
Overfull \hbox (22.25165pt too wide) in paragraph at lines 95--96
\C70/rm/bx/n/12.045/4e ^^@ \C70/rm/bx/n/12.045/6b ! \C70/rm/bx/n/12.045/68 Ø \C70/rm/bx/n/12.045/5e ¶ \C70/rm/bx/n/12.045/66 Ù \C70/rm/bx/n/12.045/65 ∞ \C70/rm/bx/n/12.045/80 ˝ \C70/rm/bx/n/12.045/54 & \C70/rm/bx/n/12.045/98 Ñ \C70/rm/bx/n/12.045/6d K \C70/rm/bx/n/12.045/98 Œ \C70/rm/bx/n/12.045/96 i \C70/rm/bx/n/12.045/65 6 \C70/rm/bx/n/12.045/76  |\C70/rm/bx/n/12.045/30 ^^B| [] \C70/rm/m/n/12.045/4e ‰$\OML/cmm/m/it/12.045 ^^R \OMS/cmsy/m/n/12.045 2 \U/msb/m/n/12.045 R[]$|\C70/rm/m/n/12.045/ff ^^L| \C70/rm/m/n/12.045/50 ^^Y \C70/rm/m/n/12.045/90 	 \C70/rm/m/n/12.045/68 ^^G \C70/rm/m/n/12.045/7b ~ \C70/rm/m/n/12.045/4e :$\OML/cmm/m/it/12.045 y$\C70/rm/m/n/12.045/65 ˆ \C70/rm/m/n/12.045/76 Ñ \C70/rm/m/n/12.045/68 Ø \C70/rm/m/n/12.045/5e ¶ \C70/rm/m/n/12.045/4e :$\OML/cmm/m/it/12.045 g[]\OT1/cmr/m/n/12.045 (-20) (\OML/cmm/m/it/12.045 x\OT1/cmr/m/n/12.045 (-20) ) = \OMS/cmsy/m/n/12.045 r[]\OML/cmm/m/it/12.045 `\OT1/cmr/m/n/12.045 (-20) (\OML/cmm/m/it/12.045 x; y\OT1/cmr/m/n/12.045 (-20) )$|\C70/rm/m/n/12.045/ff ^^L|
 []


Overfull \hbox (8.56694pt too wide) in paragraph at lines 113--114
\OT1/cmr/bx/n/12.045 (-20) Core-set \C70/rm/bx/n/12.045/4e ^^N \OT1/cmr/bx/n/12.045 (-20) Batch Ac-tive Learn-ing by Di-verse Gra-di-ent Em-bed-dings (BADGE)|\C70/rm/bx/n/12.045/30 ^^B|
 []

[168]
Overfull \hbox (34.31984pt too wide) in paragraph at lines 122--123
\C70/rm/m/n/12.045/5f √ \C70/rm/m/n/12.045/76 Ñ \C70/rm/m/n/12.045/67 ^^@ \C70/rm/m/n/12.045/8f — \C70/rm/m/n/12.045/8d › \C70/rm/m/n/12.045/79 ª \C70/rm/m/n/12.045/4e :$\OML/cmm/m/it/12.045 d[]\OT1/cmr/m/n/12.045 (-20) (\OML/cmm/m/it/12.045 x\OT1/cmr/m/n/12.045 (-20) )$|\C70/rm/m/n/12.045/30 ^^B| \C70/rm/m/n/12.045/8d * \C70/rm/m/n/12.045/5f √ \C70/rm/m/n/12.045/67 ^^@ \C70/rm/m/n/12.045/8f ‹ \C70/rm/m/n/12.045/70 π \C70/rm/m/n/12.045/6b e \C70/rm/m/n/12.045/9a § \C70/rm/m/n/12.045/90 	 \C70/rm/m/n/12.045/62 È$\OML/cmm/m/it/12.045 x[] \OT1/cmr/m/n/12.045 (-20) = [][] \OML/cmm/m/it/12.045 d[]\OT1/cmr/m/n/12.045 (-20) (\OML/cmm/m/it/12.045 x\OT1/cmr/m/n/12.045 (-20) )$|\C70/rm/m/n/12.045/ff ^^L| \C70/rm/m/n/12.045/96 è \C70/rm/m/n/12.045/54 ^^N \C70/rm/m/n/12.045/4e ≈ \C70/rm/m/n/12.045/97 ^^@ \C70/rm/m/n/12.045/66 Ù \C70/rm/m/n/12.045/65 ∞$\OML/cmm/m/it/12.045 d[]\OT1/cmr/m/n/12.045 (-20) (\OML/cmm/m/it/12.045 x\OT1/cmr/m/n/12.045 (-20) ) =
 []


Overfull \hbox (10.90819pt too wide) in paragraph at lines 137--139
\C70/rm/m/n/12.045/51 v \C70/rm/m/n/12.045/4e -$\OML/cmm/m/it/12.045 e[]$\C70/rm/m/n/12.045/4e : \C70/rm/m/n/12.045/7b ,$\OML/cmm/m/it/12.045 y$\C70/rm/m/n/12.045/4e * \C70/rm/m/n/12.045/68 ^^G \C70/rm/m/n/12.045/51 ∆ \C70/rm/m/n/12.045/57 ˙ \C70/rm/m/n/12.045/54 ^^Q \C70/rm/m/n/12.045/91 œ|\C70/rm/m/n/12.045/30 ^^B| \C70/rm/m/n/12.045/90 ^^P \C70/rm/m/n/12.045/88 L \C70/rm/m/n/12.045/5c U \C70/rm/m/n/12.045/5e s \C70/rm/m/n/12.045/8f Ÿ \C70/rm/m/n/12.045/5f   \C70/rm/m/n/12.045/77 È \C70/rm/m/n/12.045/96 5 \C70/rm/m/n/12.045/5f ó \C70/rm/m/n/12.045/52 0$\OML/cmm/m/it/12.045 Kd$\C70/rm/m/n/12.045/7e Ù \C70/rm/m/n/12.045/5d L \C70/rm/m/n/12.045/51 e|\C70/rm/m/n/12.045/ff ^^L| \C70/rm/m/n/12.045/4f ø \C70/rm/m/n/12.045/5f ó \C70/rm/m/n/12.045/52 0 \C70/rm/m/n/12.045/5f ^^O[]\C70/rm/m/n/12.045/4e - \C70/rm/m/n/12.045/76 Ñ$\OML/cmm/m/it/12.045 g[]$|\C70/rm/m/n/12.045/30 ^^B|
 []

[169]
Overfull \hbox (21.00433pt too wide) in paragraph at lines 147--148
[]\C70/rm/m/n/12.045/7b I \C70/rm/m/n/12.045/62 ^^P \C70/rm/m/n/12.045/67 , \C70/rm/m/n/12.045/98 Ñ \C70/rm/m/n/12.045/7b ó \C70/rm/m/n/12.045/4e  \C70/rm/m/n/12.045/63 	 \C70/rm/m/n/12.045/83 ∑ \C70/rm/m/n/12.045/53 ÷ \C70/rm/m/n/12.045/52 ^^F \C70/rm/m/n/12.045/65 p \C70/rm/m/n/12.045/63 í \C70/rm/m/n/12.045/5e è \C70/rm/m/n/12.045/53 s Ô \C70/rm/m/n/12.045/5f b \C70/rm/m/n/12.045/62 ^^P \C70/rm/m/n/12.045/7b Ä \C70/rm/m/n/12.045/53 U \C70/rm/m/n/12.045/7b V \C70/rm/m/n/12.045/75 e|\C70/rm/m/n/12.045/ff ^^[| \C70/rm/m/n/12.045/62 ^^P \C70/rm/m/n/12.045/67 , \C70/rm/m/n/12.045/5d Ó \C70/rm/m/n/12.045/5f ^^B \C70/rm/m/n/12.045/66 ^^N > \C70/rm/m/n/12.045/65 ˆ|\C70/rm/m/n/12.045/ff ^^L| \C70/rm/m/n/12.045/53 Ô \C70/rm/m/n/12.045/75 ($\OML/cmm/m/it/12.045 a\OT1/cmr/m/n/12.045 (-20) (\OML/cmm/m/it/12.045 x\OT1/cmr/m/n/12.045 (-20) )\OML/cmm/m/it/12.045 =c\OT1/cmr/m/n/12.045 (-20) (\OML/cmm/m/it/12.045 x\OT1/cmr/m/n/12.045 (-20) )$\C70/rm/m/n/12.045/4f \
 []

[170]) [171]
\openout2 = `chapters/12-federated.aux'.

 (./chapters/12-federated.tex
Á¨¨‰∫åÂçÅ‰∏ÄÁ´†
[172




] [173] [174] [175] [176]
Overfull \hbox (11.93578pt too wide) in paragraph at lines 192--194
\C70/rm/m/n/12.045/82 Â \C70/rm/m/n/12.045/57 ( \C70/rm/m/n/12.045/54 ^^L \C70/rm/m/n/12.045/4e ^^@ \C70/rm/m/n/12.045/53 ¬ \C70/rm/m/n/12.045/80 ^^C \C70/rm/m/n/12.045/70 π$\OML/cmm/m/it/12.045 c[] \OT1/cmr/m/n/12.045 (-20) = \OMS/cmsy/m/n/12.045 r\OML/cmm/m/it/12.045 F[]\OT1/cmr/m/n/12.045 (-20) (\OML/cmm/m/it/12.045 ^^R[]\OT1/cmr/m/n/12.045 (-20) )$|\C70/rm/m/n/12.045/30 ^^A| $\OML/cmm/m/it/12.045 c \OT1/cmr/m/n/12.045 (-20) = [][] \OML/cmm/m/it/12.045 p[]c[]$|\C70/rm/m/n/12.045/ff ^^L| \C70/rm/m/n/12.045/52 ^^Y \C70/rm/m/n/12.045/7b , \C70/rm/m/n/12.045/4e ^^@ \C70/rm/m/n/12.045/6b e \C70/rm/m/n/12.045/4f Ó \C70/rm/m/n/12.045/6b c \C70/rm/m/n/12.045/65 π \C70/rm/m/n/12.045/54 ^^Q \C70/rm/m/n/12.045/76 Ñ \C70/rm/m/n/12.045/67 a \C70/rm/m/n/12.045/4e ˆ \C70/rm/m/n/12.045/67 ^^_ ^^[ \C70/rm/m/n/12.045/60 p \C70/rm/m/n/12.045/4e :$\OMS/cmsy/m/n/12.045 r\OML/cmm/m/it/12.045 F\OT1/cmr/m/n/12.045 (-20) (\OML/cmm/m/it/12.045 ^^R[]\OT1/cmr/m/n/12.045 (-20) )$|\C70/rm/m/n/12.045/ff ^^L|
 []

[177] [178] [179]) [180]
\openout2 = `chapters/13-manifold.aux'.

 (./chapters/13-manifold.tex
Á¨¨‰∫åÂçÅ‰∫åÁ´†
[181




]
Overfull \hbox (3.36392pt too wide) in paragraph at lines 46--48
\C70/rm/m/n/12.045/5f ^^@ \C70/rm/m/n/12.045/52 0$\OML/cmm/m/it/12.045 U$\C70/rm/m/n/12.045/57 ˙ \C70/rm/m/n/12.045/5e ï \C70/rm/m/n/12.045/54 ^^N|\C70/rm/m/n/12.045/ff ^^L| \C70/rm/m/n/12.045/6b œ \C70/rm/m/n/12.045/4e * \C70/rm/m/n/12.045/72 y \C70/rm/m/n/12.045/5f Å \C70/rm/m/n/12.045/65 π \C70/rm/m/n/12.045/54 ^^Q \C70/rm/m/n/12.045/76 Ñ \C70/rm/m/n/12.045/88 ´ \C70/rm/m/n/12.045/4f › \C70/rm/m/n/12.045/75 Y \C70/rm/m/n/12.045/67 C \C70/rm/m/n/12.045/91 Õ \C70/rm/m/n/12.045/4e À é$\OT1/cmr/m/n/12.045 (-20) 0$\C70/rm/m/n/12.045/4e ^^N$\OT1/cmr/m/n/12.045 (-20) 1$|\C70/rm/m/n/12.045/ff ^^L| \C70/rm/m/n/12.045/4e ^^T \C70/rm/m/n/12.045/60 ; \C70/rm/m/n/12.045/54 å \C70/rm/m/n/12.045/4e :$\OML/cmm/m/it/12.045 r$|\C70/rm/m/n/12.045/ff ^^[| \C70/rm/m/n/12.045/67 ^^@ \C70/rm/m/n/12.045/59 ' \C70/rm/m/n/12.045/50 < \C70/rm/m/n/12.045/4e é \C70/rm/m/n/12.045/66 / \C70/rm/m/n/12.045/4e : \C70/rm/m/n/12.045/52 M$\OML/cmm/m/it/12.045 r$\C70/rm/m/n/12.045/4e *
 []


Overfull \hbox (6.4312pt too wide) in paragraph at lines 49--50
[]\C70/rm/m/n/12.045/4e - \C70/rm/m/n/12.045/5f √ \C70/rm/m/n/12.045/53 ^^V \C70/rm/m/n/12.045/57 G \C70/rm/m/n/12.045/50 < \C70/rm/m/n/12.045/54 å \C70/rm/m/n/12.045/68 ^^G \C70/rm/m/n/12.045/51 ∆ \C70/rm/m/n/12.045/5d Ó \C70/rm/m/n/12.045/4e ≈ \C70/rm/m/n/12.045/75 1 \C70/rm/m/n/12.045/8b ≠ \C70/rm/m/n/12.045/7e √ \C70/rm/m/n/12.045/65 p \C70/rm/m/n/12.045/63 n \C70/rm/m/n/12.045/4f 0 \C70/rm/m/n/12.045/8b °|\C70/rm/m/n/12.045/ff ^^L| \C70/rm/m/n/12.045/65 ∞ \C70/rm/m/n/12.045/68 7 \C70/rm/m/n/12.045/67 , \C70/rm/m/n/12.045/51 H \C70/rm/m/n/12.045/50 Z \C70/rm/m/n/12.045/54 ^^L \C70/rm/m/n/12.045/68 7 \C70/rm/m/n/12.045/53 ÿ \C70/rm/m/n/12.045/63 b|\C70/rm/m/n/12.045/ff ^^L| \C70/rm/m/n/12.045/51 ç \C70/rm/m/n/12.045/8b ° \C70/rm/m/n/12.045/7b ó$\OML/cmm/m/it/12.045 z \OT1/cmr/m/n/12.045 (-20) = \OML/cmm/m/it/12.045 V[]\OT1/cmr/m/n/12.045 (-20) (\OML/cmm/m/it/12.045 x \OMS/cmsy/m/n/12.045 ^^@
 []

[182]
Overfull \hbox (14.61961pt too wide) in paragraph at lines 91--93
\C70/rm/m/n/12.045/54 å \C70/rm/m/n/12.045/4e : ^^@ \C70/rm/m/n/12.045/76 Ñ \C70/rm/m/n/12.045/7e ¶ \C70/rm/m/n/12.045/67 _ \C70/rm/m/n/12.045/4f ^^? \C70/rm/m/n/12.045/67 C \C70/rm/m/n/12.045/91 Õ \C70/rm/m/n/12.045/5b ˘ \C70/rm/m/n/12.045/65 t \C70/rm/m/n/12.045/4f S \C70/rm/m/n/12.045/5e s \C70/rm/m/n/12.045/79 ˚ \C70/rm/m/n/12.045/4e ^^M \C70/rm/m/n/12.045/53 ÿ|\C70/rm/m/n/12.045/30 ^^B| \C70/rm/m/n/12.045/90 ª \C70/rm/m/n/12.045/57 ﬂ \C70/rm/m/n/12.045/53 O \C70/rm/m/n/12.045/65 π \C70/rm/m/n/12.045/5d Ó \C70/rm/m/n/12.045/59 G \C70/rm/m/n/12.045/5f ^^B \C70/rm/m/n/12.045/65 ˆ \C70/rm/m/n/12.045/97 ^^@ \C70/rm/m/n/12.045/52 † \C70/rm/m/n/12.045/5c ^^O \C70/rm/m/n/12.045/76 Ñ \C70/rm/m/n/12.045/5b ˘ \C70/rm/m/n/12.045/89 “ \C70/rm/m/n/12.045/6b c \C70/rm/m/n/12.045/52 ^^Y|\C70/rm/m/n/12.045/30 ^^B| \C70/rm/m/n/12.045/56 ˙ \C70/rm/m/n/12.045/5b ö$\OML/cmm/m/it/12.045 W$\C70/rm/m/n/12.045/54 ^^N|\C70/rm/m/n/12.045/ff ^^L|
 []

[183]
Overfull \hbox (2.67003pt too wide) in paragraph at lines 100--101
\OML/cmm/m/it/12.045 x[]\OT1/cmr/m/n/12.045 (-20) ][] \OMS/cmsy/m/n/12.045 2 \U/msb/m/n/12.045 R[]$|\C70/rm/m/n/12.045/ff ^^L| \C70/rm/m/n/12.045/5c @ \C70/rm/m/n/12.045/90 Ë \C70/rm/m/n/12.045/67 C \C70/rm/m/n/12.045/91 Õ$\OML/cmm/m/it/12.045 w[] \OMS/cmsy/m/n/12.045 2 \U/msb/m/n/12.045 R[]$|\C70/rm/m/n/12.045/30 ^^B| \C70/rm/m/n/12.045/52 ) \C70/rm/m/n/12.045/75 ($\OT1/cmr/bx/n/12.045 (-20) 1[]\OML/cmm/m/it/12.045 w[] \OT1/cmr/m/n/12.045 (-20) = 1$|\C70/rm/m/n/12.045/ff ^^L| \C70/rm/m/n/12.045/91 Õ \C70/rm/m/n/12.045/67 Ñ \C70/rm/m/n/12.045/8b Ô \C70/rm/m/n/12.045/5d Ó \C70/rm/m/n/12.045/53 ^^V \C70/rm/m/n/12.045/4e :$\OMS/cmsy/m/n/12.045 k\OML/cmm/m/it/12.045 A[]w[]\OMS/cmsy/m/n/12.045 k[] \OT1/cmr/m/n/12.045 (-20) = \OML/cmm/m/it/12.045 w[]C[]w[]$|\C70/rm/m/n/12.045/ff ^^L|
 []

[184] [185] [186] [187]) [188]
\openout2 = `chapters/13b-meta.aux'.

 (./chapters/13b-meta.tex
Á¨¨‰∫åÂçÅ‰∏âÁ´†
[189




] [190] [191]
Overfull \hbox (2.99367pt too wide) in paragraph at lines 111--113
\C70/rm/m/n/12.045/77 È \C70/rm/m/n/12.045/96 5 \C70/rm/m/n/12.045/4e ^^@ \C70/rm/m/n/12.045/82 , \C70/rm/m/n/12.045/4e ^^M \C70/rm/m/n/12.045/53 Ô \C70/rm/m/n/12.045/4e § \C70/rm/m/n/12.045/63 b|\C70/rm/m/n/12.045/ff ^^L| \C70/rm/m/n/12.045/98 z \C70/rm/m/n/12.045/5e è \C70/rm/m/n/12.045/4e ^^M \C70/rm/m/n/12.045/80 ˝ \C70/rm/m/n/12.045/50 ^^R \C70/rm/m/n/12.045/7f n|\C70/rm/m/n/12.045/30 ^^B| \C70/rm/m/n/12.045/53 Õ \C70/rm/m/n/12.045/54 ^^Q \C70/rm/m/n/12.045/5b û \C70/rm/m/n/12.045/73 ∞ \C70/rm/m/n/12.045/4e Œ \C70/rm/m/n/12.045/67 Â \C70/rm/m/n/12.045/8b ‚ \C70/rm/m/n/12.045/68 Ø \C70/rm/m/n/12.045/5e ¶$\OML/cmm/m/it/12.045 v[] \OT1/cmr/m/n/12.045 (-20) = \OML/cmm/m/it/12.045 g[]$\C70/rm/m/n/12.045/51 ˙ \C70/rm/m/n/12.045/53 —|\C70/rm/m/n/12.045/ff ^^L| \C70/rm/m/n/12.045/90 ^^P \C70/rm/m/n/12.045/6b e \C70/rm/m/n/12.045/8b ° \C70/rm/m/n/12.045/7b ó$\OML/cmm/m/it/12.045 v[] \OT1/cmr/m/n/12.045 (-20) =
 []

[192]
Overfull \hbox (18.57648pt too wide) in paragraph at lines 136--138
\C70/rm/m/n/12.045/56 ‡ \C70/rm/m/n/12.045/6b d \OT1/cmr/m/n/12.045 (-20) Rep-tile \C70/rm/m/n/12.045/76 Ñ \C70/rm/m/n/12.045/4f M \C70/rm/m/n/12.045/79 ˚ \C70/rm/m/n/12.045/96 d \C70/rm/m/n/12.045/5e s \C70/rm/m/n/12.045/57 G \C70/rm/m/n/12.045/68 Ø \C70/rm/m/n/12.045/5e ¶ \C70/rm/m/n/12.045/98 y \C70/rm/m/n/12.045/59 ^^V|\C70/rm/m/n/12.045/ff ^^L| \C70/rm/m/n/12.045/8f ÿ \C70/rm/m/n/12.045/54 + \C70/rm/m/n/12.045/8d Ë \C70/rm/m/n/12.045/62 y \C70/rm/m/n/12.045/6b ! \C70/rm/m/n/12.045/76 ¯ \C70/rm/m/n/12.045/4e í \C70/rm/m/n/12.045/4f \ \C70/rm/m/n/12.045/75 (|\C70/rm/m/n/12.045/30 ^^B| \C70/rm/m/n/12.045/82 Â \C70/rm/m/n/12.045/62 y \C70/rm/m/n/12.045/6b ! \C70/rm/m/n/12.045/4e § \C70/rm/m/n/12.045/63 b \C70/rm/m/n/12.045/5b ˘ \C70/rm/m/n/12.045/79 |\C70/rm/m/n/12.045/ff ^^L| $\OMS/cmsy/m/n/12.045 r\OT1/cmr/m/n/12.045 (-20) (\OML/cmm/m/it/12.045 g[]g[]\OT1/cmr/m/n/12.045 (-20) ) =
 []

[193]
Overfull \hbox (16.9608pt too wide) in paragraph at lines 175--176
\C70/rm/bx/n/12.045/96 ê \C70/rm/bx/n/12.045/5f ^^O Æ \C70/rm/bx/n/12.045/52 ^^F \C70/rm/bx/n/12.045/76 Ñ \C70/rm/bx/n/12.045/9a { \C70/rm/bx/n/12.045/70 π \C70/rm/bx/n/12.045/65 π \C70/rm/bx/n/12.045/7a  \C70/rm/bx/n/12.045/4e ^^N \C70/rm/bx/n/12.045/65 p \C70/rm/bx/n/12.045/50 < \C70/rm/bx/n/12.045/8b Ô \C70/rm/bx/n/12.045/5d Ó|\C70/rm/bx/n/12.045/30 ^^B| [] \C70/rm/m/n/12.045/4e ‰$\OML/cmm/m/it/12.045 G\OT1/cmr/m/n/12.045 (-20) (\OML/cmm/m/it/12.045 v; ^^R\OT1/cmr/m/n/12.045 (-20) ) = \OMS/cmsy/m/n/12.045 rL[]\OT1/cmr/m/n/12.045 (-20) (\OML/cmm/m/it/12.045 v\OT1/cmr/m/n/12.045 (-20) ) + \OML/cmm/m/it/12.045 ^^U\OT1/cmr/m/n/12.045 (-20) (\OML/cmm/m/it/12.045 v \OMS/cmsy/m/n/12.045 ^^@ \OML/cmm/m/it/12.045 ^^R\OT1/cmr/m/n/12.045 (-20) )$|\C70/rm/m/n/12.045/30 ^^B| \C70/rm/m/n/12.045/51 Ö \C70/rm/m/n/12.045/5c B \C70/rm/m/n/12.045/89 „ \C70/rm/m/n/12.045/6e · \C70/rm/m/n/12.045/8d ≥$\OML/cmm/m/it/12.045 G\OT1/cmr/m/n/12.045 (-20) (\OML/cmm/m/it/12.045 ^^R[]; ^^R\OT1/cmr/m/n/12.045 (-20) ) =
 []

[194]
Overfull \hbox (0.92848pt too wide) in paragraph at lines 217--218
[]\C70/rm/m/n/12.045/4e Â \C70/rm/m/n/12.045/7e ø \C70/rm/m/n/12.045/60 ' \C70/rm/m/n/12.045/9a ÿ \C70/rm/m/n/12.045/65 Ø \C70/rm/m/n/12.045/4e ˚ \C70/rm/m/n/12.045/52 ° \C70/rm/m/n/12.045/4e : \C70/rm/m/n/12.045/4f ã|\C70/rm/m/n/12.045/ff ^^L| $\OML/cmm/m/it/12.045 ^^R[] \OMS/cmsy/m/n/12.045 2 \U/msb/m/n/12.045 R[]$|\C70/rm/m/n/12.045/30 ^^A| $\OML/cmm/m/it/12.045 X[] \OMS/cmsy/m/n/12.045 2 \U/msb/m/n/12.045 R[]$|\C70/rm/m/n/12.045/30 ^^A| $\OML/cmm/m/it/12.045 y[] \OMS/cmsy/m/n/12.045 2 \U/msb/m/n/12.045 R[]$|\C70/rm/m/n/12.045/ff ^^L| \C70/rm/m/n/12.045/8b æ$\OML/cmm/m/it/12.045 y[] \OMS/cmsy/m/n/12.045 j \OML/cmm/m/it/12.045 ^^R[] \OMS/cmsy/m/n/12.045 ^^X N\OT1/cmr/m/n/12.045 (-20) (\OML/cmm/m/it/12.045 X[]^^R[]; ^^[[]I\OT1/cmr/m/n/12.045 (-20) )$|\C70/rm/m/n/12.045/ff ^^L|
 []

[195] [196]) [197] (./main.bbl [198




] [199

] [200] [201] [202] [203] [204] [205] [206] [207] [208]) [209] (./main.aux (./chapters/00-mathematical-preliminaries.aux) (./chapters/01-foundations.aux) (./chapters/01b-linear-models.aux) (./chapters/02-learning-pipeline.aux) (./chapters/02b-optimization-training.aux) (./chapters/03-generalization.aux) (./chapters/03b-statistical-learning.aux) (./chapters/03c-data-engineering.aux) (./chapters/04-bayesian.aux) (./chapters/05-parametric-nonparametric.aux) (./chapters/06-sequence.aux) (./chapters/07-vision.aux) (./chapters/08-llm.aux) (./chapters/09-multimodal.aux) (./chapters/10-generative.aux) (./chapters/10b-pinn.aux) (./chapters/11a-pretraining.aux) (./chapters/11-transfer.aux) (./chapters/11b-continual.aux) (./chapters/11c-active.aux) (./chapters/12-federated.aux) (./chapters/13-manifold.aux) (./chapters/13b-meta.aux))
 ***********
LaTeX2e <2026-06-01>
L3 programming layer <2026/08/11>
 ***********
Package rerunfilecheck Info: File `main.out' has not changed.
(rerunfilecheck)             Checksum: 28FB71D38F88F243553CBB61E0316E33;18322.
 ) 
Here is how much of TeX's memory you used:
 41772 strings out of 467099
 800334 string characters out of 5412496
 1151584 words of memory out of 5000000
 67745 multiletter control sequences out of 15000+600000
 842797 words of font info for 936 fonts, out of 8000000 for 9000
 1141 hyphenation exceptions out of 8191
 97i,13n,98p,1082b,859s stack positions out of 10000i,1000n,20000p,200000b,200000s
<c:/Windows/Fonts/simsun.ttc><c:/Windows/Fonts/simsun.ttc><c:/Windows/Fonts/simhei.ttf><c:/Windows/Fonts/simsun.ttc><c:/Windows/Fonts/simhei.ttf><c:/Windows/Fonts/simsun.ttc><c:/Windows/Fonts/simsun.ttc><c:/Windows/Fonts/simsun.ttc><c:/Windows/Fonts/simsun.ttc><c:/Windows/Fonts/simsun.ttc><c:/Windows/Fonts/simhei.ttf><c:/Windows/Fonts/simsun.ttc><c:/Windows/Fonts/simkai.ttf><c:/Windows/Fonts/simkai.ttf><c:/Windows/Fonts/simhei.ttf><c:/Windows/Fonts/simsun.ttc><c:/Windows/Fonts/simsun.ttc><c:/Windows/Fonts/simsun.ttc><c:/Windows/Fonts/simhei.ttf><c:/Windows/Fonts/simsun.ttc><c:/Windows/Fonts/simsun.ttc><c:/Windows/Fonts/simhei.ttf><c:/Windows/Fonts/simhei.ttf><c:/Windows/Fonts/simsun.ttc><c:/Windows/Fonts/simsun.ttc><c:/Windows/Fonts/simhei.ttf><c:/Windows/Fonts/simhei.ttf><c:/Windows/Fonts/simhei.ttf><c:/Windows/Fonts/simsun.ttc><c:/Windows/Fonts/simsun.ttc><c:/Windows/Fonts/simsun.ttc><c:/Windows/Fonts/simsun.ttc><c:/Windows/Fonts/simsun.ttc><c:/Windows/Fonts/simsun.ttc><c:/Windows/Fonts/simsun.ttc><c:/Windows/Fonts/simhei.ttf><c:/Windows/Fonts/simhei.ttf><c:/Windows/Fonts/simkai.ttf><c:/Windows/Fonts/simkai.ttf><c:/Windows/Fonts/simkai.ttf><c:/Windows/Fonts/simkai.ttf><c:/Windows/Fonts/simsun.ttc><c:/Windows/Fonts/simsun.ttc><c:/Windows/Fonts/simsun.ttc><c:/Windows/Fonts/simsun.ttc><c:/Windows/Fonts/simsun.ttc><c:/Windows/Fonts/simsun.ttc><c:/Windows/Fonts/simsun.ttc><c:/Windows/Fonts/simsun.ttc><c:/Windows/Fonts/simhei.ttf><c:/Windows/Fonts/simsun.ttc><c:/Windows/Fonts/simhei.ttf><c:/Windows/Fonts/simsun.ttc><c:/Windows/Fonts/simsun.ttc><c:/Windows/Fonts/simsun.ttc><c:/Windows/Fonts/simsun.ttc><c:/Windows/Fonts/simsun.ttc><c:/Windows/Fonts/simhei.ttf><c:/Windows/Fonts/simsun.ttc><c:/Windows/Fonts/simsun.ttc><c:/Windows/Fonts/simsun.ttc><c:/Windows/Fonts/simsun.ttc><c:/Windows/Fonts/simsun.ttc><c:/Windows/Fonts/simhei.ttf><c:/Windows/Fonts/simhei.ttf><c:/Windows/Fonts/simkai.ttf><c:/Windows/Fonts/simkai.ttf><c:/Windows/Fonts/simkai.ttf><c:/Windows/Fonts/simkai.ttf><c:/Windows/Fonts/simkai.ttf><c:/Windows/Fonts/simkai.ttf><c:/Windows/Fonts/simkai.ttf><c:/Windows/Fonts/simkai.ttf><c:/Windows/Fonts/simkai.ttf><c:/Windows/Fonts/simkai.ttf><c:/Windows/Fonts/simkai.ttf><c:/Windows/Fonts/simkai.ttf><c:/Windows/Fonts/simkai.ttf><c:/Windows/Fonts/simkai.ttf><c:/Windows/Fonts/simkai.ttf><c:/Windows/Fonts/simkai.ttf><c:/Windows/Fonts/simkai.ttf><c:/Windows/Fonts/simkai.ttf><c:/Windows/Fonts/simsun.ttc><c:/Windows/Fonts/simsun.ttc><c:/Windows/Fonts/simsun.ttc><c:/Windows/Fonts/simsun.ttc><c:/Windows/Fonts/simhei.ttf><c:/Windows/Fonts/simhei.ttf><c:/Windows/Fonts/simsun.ttc><c:/Windows/Fonts/simsun.ttc><c:/Windows/Fonts/simsun.ttc><c:/Windows/Fonts/simsun.ttc><c:/Windows/Fonts/simsun.ttc><c:/Windows/Fonts/simsun.ttc><c:/Windows/Fonts/simsun.ttc><c:/Windows/Fonts/simsun.ttc><c:/Windows/Fonts/simkai.ttf><c:/Windows/Fonts/simkai.ttf><c:/Windows/Fonts/simkai.ttf><c:/Windows/Fonts/simkai.ttf><c:/Windows/Fonts/simkai.ttf><c:/Windows/Fonts/simkai.ttf><c:/Windows/Fonts/simkai.ttf><c:/Windows/Fonts/simkai.ttf><c:/Windows/Fonts/simkai.ttf><c:/Windows/Fonts/simkai.ttf><c:/Windows/Fonts/simkai.ttf><c:/Windows/Fonts/simkai.ttf><c:/Windows/Fonts/simkai.ttf><c:/Windows/Fonts/simkai.ttf><c:/Windows/Fonts/simkai.ttf><c:/Windows/Fonts/simkai.ttf><c:/Windows/Fonts/simkai.ttf><c:/Windows/Fonts/simkai.ttf><c:/Windows/Fonts/simkai.ttf><c:/Windows/Fonts/simkai.ttf><c:/Windows/Fonts/simkai.ttf><c:/Windows/Fonts/simkai.ttf><c:/Windows/Fonts/simkai.ttf><c:/Windows/Fonts/simkai.ttf><c:/Windows/Fonts/simkai.ttf><c:/Windows/Fonts/simkai.ttf><c:/Windows/Fonts/simkai.ttf><c:/Windows/Fonts/simkai.ttf><c:/Windows/Fonts/simkai.ttf><c:/Windows/Fonts/simkai.ttf><c:/Windows/Fonts/simkai.ttf><c:/Windows/Fonts/simhei.ttf><c:/Windows/Fonts/simsun.ttc><c:/Windows/Fonts/simsun.ttc><c:/Windows/Fonts/simhei.ttf><c:/Windows/Fonts/simhei.ttf><c:/Windows/Fonts/simhei.ttf><c:/Windows/Fonts/simhei.ttf><c:/Windows/Fonts/simsun.ttc><c:/Windows/Fonts/simsun.ttc><c:/Windows/Fonts/simsun.ttc><c:/Windows/Fonts/simsun.ttc><c:/Windows/Fonts/simsun.ttc><c:/Windows/Fonts/simsun.ttc><c:/Windows/Fonts/simsun.ttc><c:/Windows/Fonts/simsun.ttc><c:/Windows/Fonts/simsun.ttc><c:/Windows/Fonts/simsun.ttc><c:/Windows/Fonts/simsun.ttc><c:/Windows/Fonts/simhei.ttf><c:/Windows/Fonts/simhei.ttf><c:/Windows/Fonts/simkai.ttf><c:/Windows/Fonts/simkai.ttf><c:/Windows/Fonts/simkai.ttf><c:/Windows/Fonts/simkai.ttf><c:/Windows/Fonts/simkai.ttf><c:/Windows/Fonts/simsun.ttc><c:/Windows/Fonts/simsun.ttc><c:/Windows/Fonts/simsun.ttc><c:/Windows/Fonts/simsun.ttc><c:/Windows/Fonts/simsun.ttc><c:/Windows/Fonts/simsun.ttc><c:/Windows/Fonts/simsun.ttc><c:/Windows/Fonts/simsun.ttc><c:/Windows/Fonts/simhei.ttf><c:/Windows/Fonts/simhei.ttf><c:/Windows/Fonts/simsun.ttc><c:/Windows/Fonts/simhei.ttf><c:/Windows/Fonts/simhei.ttf><c:/Windows/Fonts/simsun.ttc><c:/Windows/Fonts/simsun.ttc><c:/Windows/Fonts/simsun.ttc><c:/Windows/Fonts/simhei.ttf><c:/Windows/Fonts/simhei.ttf><c:/Windows/Fonts/simhei.ttf><c:/Windows/Fonts/simsun.ttc><c:/Windows/Fonts/simsun.ttc><c:/Windows/Fonts/simsun.ttc><c:/Windows/Fonts/simhei.ttf><c:/Windows/Fonts/simhei.ttf><c:/Windows/Fonts/simhei.ttf><c:/Windows/Fonts/simhei.ttf><c:/Windows/Fonts/simhei.ttf><c:/Windows/Fonts/simsun.ttc><c:/Windows/Fonts/simhei.ttf><c:/Windows/Fonts/simsun.ttc><c:/Windows/Fonts/simsun.ttc><c:/Windows/Fonts/simhei.ttf><c:/Windows/Fonts/simhei.ttf><c:/Windows/Fonts/simhei.ttf><c:/Windows/Fonts/simhei.ttf><c:/Windows/Fonts/simhei.ttf><c:/Windows/Fonts/simsun.ttc><c:/Windows/Fonts/simhei.ttf><c:/Windows/Fonts/simhei.ttf><c:/Windows/Fonts/simhei.ttf><c:/Windows/Fonts/simhei.ttf><c:/Windows/Fonts/simsun.ttc><c:/Windows/Fonts/simsun.ttc><c:/Windows/Fonts/simsun.ttc><c:/Windows/Fonts/simsun.ttc><c:/Windows/Fonts/simsun.ttc><c:/Windows/Fonts/simsun.ttc><c:/Windows/Fonts/simhei.ttf><c:/Windows/Fonts/simhei.ttf><c:/Windows/Fonts/simsun.ttc><c:/Windows/Fonts/simsun.ttc><c:/Windows/Fonts/simsun.ttc><c:/Windows/Fonts/simsun.ttc><c:/Windows/Fonts/simsun.ttc><c:/Windows/Fonts/simhei.ttf><c:/Windows/Fonts/simhei.ttf><c:/Windows/Fonts/simhei.ttf><c:/Windows/Fonts/simhei.ttf><c:/Windows/Fonts/simhei.ttf><c:/Windows/Fonts/simsun.ttc><c:/Windows/Fonts/simsun.ttc><c:/Windows/Fonts/simsun.ttc><c:/Windows/Fonts/simsun.ttc><c:/Windows/Fonts/simsun.ttc><c:/Windows/Fonts/simsun.ttc><c:/Windows/Fonts/simsun.ttc><c:/Windows/Fonts/simsun.ttc><c:/Windows/Fonts/simsun.ttc><c:/Windows/Fonts/simsun.ttc><c:/Windows/Fonts/simsun.ttc><c:/Windows/Fonts/simsun.ttc><c:/Windows/Fonts/simsun.ttc><c:/Windows/Fonts/simsun.ttc><c:/Windows/Fonts/simsun.ttc><c:/Windows/Fonts/simsun.ttc><c:/Windows/Fonts/simsun.ttc><c:/Windows/Fonts/simsun.ttc><c:/Windows/Fonts/simsun.ttc><c:/Windows/Fonts/simsun.ttc><c:/Windows/Fonts/simsun.ttc><c:/Windows/Fonts/simsun.ttc><c:/Windows/Fonts/simsun.ttc><c:/Windows/Fonts/simsun.ttc><c:/Windows/Fonts/simsun.ttc><c:/Windows/Fonts/simsun.ttc><c:/Windows/Fonts/simsun.ttc><c:/Windows/Fonts/simsun.ttc><c:/Windows/Fonts/simsun.ttc><c:/Windows/Fonts/simsun.ttc><c:/Windows/Fonts/simsun.ttc><c:/Windows/Fonts/simsun.ttc><c:/Windows/Fonts/simsun.ttc><c:/Windows/Fonts/simsun.ttc><c:/Windows/Fonts/simsun.ttc><c:/Windows/Fonts/simsun.ttc><c:/Windows/Fonts/simsun.ttc><c:/Windows/Fonts/simhei.ttf><c:/Windows/Fonts/simhei.ttf><c:/Windows/Fonts/simhei.ttf><c:/Windows/Fonts/simhei.ttf><c:/Windows/Fonts/simhei.ttf><c:/Windows/Fonts/simhei.ttf><c:/Windows/Fonts/simhei.ttf><c:/Windows/Fonts/simhei.ttf><c:/Windows/Fonts/simhei.ttf><c:/Windows/Fonts/simhei.ttf><c:/Windows/Fonts/simhei.ttf><c:/Windows/Fonts/simhei.ttf><c:/Windows/Fonts/simhei.ttf><c:/Windows/Fonts/simhei.ttf><c:/Windows/Fonts/simhei.ttf><c:/Windows/Fonts/simhei.ttf><c:/Windows/Fonts/simhei.ttf><c:/Windows/Fonts/simhei.ttf><c:/Windows/Fonts/simhei.ttf><c:/Windows/Fonts/simhei.ttf><c:/Windows/Fonts/simsun.ttc><c:/Windows/Fonts/simsun.ttc><c:/Windows/Fonts/simsun.ttc><c:/Windows/Fonts/simsun.ttc><c:/Windows/Fonts/simsun.ttc><c:/Windows/Fonts/simsun.ttc><c:/Windows/Fonts/simsun.ttc><c:/Windows/Fonts/simsun.ttc><c:/Windows/Fonts/simsun.ttc><c:/Windows/Fonts/simsun.ttc><c:/Windows/Fonts/simsun.ttc><c:/texlive/2026/texmf-dist/fonts/type1/public/amsfonts/cm/cmbx10.pfb><c:/texlive/2026/texmf-dist/fonts/type1/public/amsfonts/cm/cmbx12.pfb><c:/texlive/2026/texmf-dist/fonts/type1/public/amsfonts/cm/cmex10.pfb><c:/texlive/2026/texmf-dist/fonts/type1/public/amsfonts/cmextra/cmex8.pfb><c:/texlive/2026/texmf-dist/fonts/type1/public/amsfonts/cm/cmmi10.pfb><c:/texlive/2026/texmf-dist/fonts/type1/public/amsfonts/cm/cmmi12.pfb><c:/texlive/2026/texmf-dist/fonts/type1/public/amsfonts/cm/cmmi5.pfb><c:/texlive/2026/texmf-dist/fonts/type1/public/amsfonts/cm/cmmi6.pfb><c:/texlive/2026/texmf-dist/fonts/type1/public/amsfonts/cm/cmmi7.pfb><c:/texlive/2026/texmf-dist/fonts/type1/public/amsfonts/cm/cmmi8.pfb><c:/texlive/2026/texmf-dist/fonts/type1/public/amsfonts/cm/cmmib10.pfb><c:/texlive/2026/texmf-dist/fonts/type1/public/amsfonts/cm/cmr10.pfb><c:/texlive/2026/texmf-dist/fonts/type1/public/amsfonts/cm/cmr12.pfb><c:/texlive/2026/texmf-dist/fonts/type1/public/amsfonts/cm/cmr5.pfb><c:/texlive/2026/texmf-dist/fonts/type1/public/amsfonts/cm/cmr6.pfb><c:/texlive/2026/texmf-dist/fonts/type1/public/amsfonts/cm/cmr7.pfb><c:/texlive/2026/texmf-dist/fonts/type1/public/amsfonts/cm/cmr8.pfb><c:/texlive/2026/texmf-dist/fonts/type1/public/amsfonts/cm/cmr9.pfb><c:/texlive/2026/texmf-dist/fonts/type1/public/amsfonts/cm/cmsl12.pfb><c:/texlive/2026/texmf-dist/fonts/type1/public/amsfonts/cm/cmss8.pfb><c:/texlive/2026/texmf-dist/fonts/type1/public/amsfonts/cm/cmsy10.pfb><c:/texlive/2026/texmf-dist/fonts/type1/public/amsfonts/cm/cmsy6.pfb><c:/texlive/2026/texmf-dist/fonts/type1/public/amsfonts/cm/cmsy7.pfb><c:/texlive/2026/texmf-dist/fonts/type1/public/amsfonts/cm/cmsy8.pfb><c:/texlive/2026/texmf-dist/fonts/type1/public/amsfonts/cm/cmti12.pfb><c:/texlive/2026/texmf-dist/fonts/type1/public/amsfonts/euler/eufm10.pfb><c:/texlive/2026/texmf-dist/fonts/type1/public/amsfonts/symbols/msbm10
.pfb>
Output written on main.pdf (219 pages, 2683020 bytes).
PDF statistics:
 4541 PDF objects out of 5155 (max. 8388607)
 3867 compressed objects within 39 object streams
 1395 named destinations out of 1440 (max. 500000)
 66933 words of extra memory for PDF output out of 74296 (max. 10000000)

